transaction_id,customer_id,transaction_amount,payment_method,device_type,location,merchant_category,is_international,account_age_days,fraud_flag,transaction_timestamp,transaction_frequency_24h,avg_transaction_amount_7d,unusual_amount_flag,multiple_transactions_short_time,velocity_flag,risk_score,fraud_risk
T0000001,C20953,56.31,"Debit Card",Tablet,Canada,Fashion,0,1054,0,"2026-03-04 19:56:00",0,NULL,0,0,0,0,Low
T0000002,C24133,20.35,"Credit Card",Tablet,India,Electronics,0,97,0,"2026-03-09 19:56:00",0,NULL,0,0,0,0,Low
T0000003,C07165,48.72,"Debit Card",Tablet,UK,Travel,0,779,0,"2026-01-01 19:56:00",0,NULL,0,0,0,0,Low
T0000004,C19310,153.62,"Debit Card",Mobile,Australia,Fashion,0,286,1,"2025-12-09 19:56:00",0,NULL,0,0,0,0,Low
T0000005,C25019,115.32,PayPal,Mobile,India,Gaming,0,866,0,"2025-11-09 19:56:00",0,NULL,0,0,0,0,Low
T0000006,C08668,41.31,"Credit Card",Tablet,USA,Gaming,1,709,1,"2026-04-08 19:56:00",0,NULL,0,0,0,0,Low
T0000007,C09607,54.75,"Credit Card",Tablet,UK,Luxury,1,1909,1,"2025-06-13 19:56:00",0,NULL,0,0,0,0,Low
T0000008,C07468,86.64,PayPal,Mobile,USA,Fashion,0,656,1,"2025-12-03 19:56:00",0,NULL,0,0,0,0,Low
T0000009,C12131,22.44,"Google Pay",Tablet,Canada,Luxury,0,325,0,"2025-10-31 19:56:00",0,NULL,0,0,0,0,Low
T0000010,C05608,99.42,"Google Pay",Mobile,India,Fashion,0,907,1,"2025-07-31 19:56:00",0,NULL,0,0,0,0,Low
T0000011,C22434,138.33,"Credit Card",Mobile,USA,Fashion,0,785,1,"2025-11-15 19:56:00",0,NULL,0,0,0,0,Low
T0000012,C29922,4.2,"Apple Pay",Mobile,Australia,Fashion,1,1905,1,"2025-07-14 19:56:00",0,NULL,0,0,0,0,Low
T0000013,C08680,168.96,"Google Pay",Tablet,Germany,Travel,0,1805,1,"2026-02-18 19:56:00",0,NULL,0,0,0,0,Low
T0000014,C29420,24.53,"Google Pay",Desktop,UK,Travel,1,211,0,"2025-07-06 19:56:00",0,NULL,0,0,0,0,Low
T0000015,C02979,270.26,"Apple Pay",Mobile,Australia,Gaming,0,1026,1,"2026-04-06 19:56:00",0,NULL,0,0,0,0,Low
T0000016,C02082,389.83,"Google Pay",Tablet,India,Electronics,1,888,1,"2025-10-15 19:56:00",0,NULL,0,0,0,0,Low
T0000017,C22292,211.75,PayPal,Tablet,Canada,Travel,1,389,1,"2026-03-03 19:56:00",0,NULL,0,0,0,0,Low
T0000018,C05183,38.76,"Google Pay",Tablet,Australia,Fashion,0,1890,0,"2025-09-10 19:56:00",0,NULL,0,0,0,0,Low
T0000019,C16636,520.1,"Debit Card",Tablet,Germany,Groceries,1,1532,1,"2026-03-07 19:56:00",0,NULL,0,0,0,0,Low
T0000020,C24986,147.25,"Credit Card",Tablet,Canada,Electronics,0,1806,0,"2026-02-07 19:56:00",0,NULL,0,0,0,0,Low
T0000021,C11895,312.93,"Apple Pay",Mobile,UK,Electronics,0,1873,0,"2025-11-24 19:56:00",0,NULL,0,0,0,0,Low
T0000022,C24924,71.62,"Debit Card",Mobile,Australia,Groceries,0,108,1,"2025-08-01 19:56:00",0,NULL,0,0,0,0,Low
T0000023,C17291,107.37,"Apple Pay",Mobile,Germany,Luxury,1,1772,0,"2025-06-24 19:56:00",0,NULL,0,0,0,0,Low
T0000024,C21296,15.28,"Debit Card",Tablet,India,Fashion,1,1251,1,"2025-10-21 19:56:00",0,NULL,0,0,0,0,Low
T0000025,C02099,32.3,"Google Pay",Tablet,Germany,Fashion,0,216,0,"2025-11-08 19:56:00",0,NULL,0,0,0,0,Low
T0000026,C00236,66.94,"Credit Card",Mobile,USA,Gaming,0,1608,0,"2026-03-25 19:56:00",0,NULL,0,0,0,0,Low
T0000027,C07799,271.33,"Google Pay",Mobile,Germany,Gaming,1,1767,1,"2025-12-09 19:56:00",0,NULL,0,0,0,0,Low
T0000028,C15489,18.01,"Credit Card",Desktop,UK,Luxury,1,550,0,"2025-12-27 19:56:00",0,NULL,0,0,0,0,Low
T0000029,C14125,31.18,"Credit Card",Desktop,India,Electronics,1,587,0,"2025-10-31 19:56:00",0,NULL,0,0,0,0,Low
T0000030,C13194,117.49,"Debit Card",Mobile,UK,Travel,0,1061,0,"2025-11-08 19:56:00",0,NULL,0,0,0,0,Low
T0000031,C06013,29.58,"Google Pay",Mobile,USA,Electronics,1,1673,1,"2025-12-09 19:56:00",0,NULL,0,0,0,0,Low
T0000032,C01658,197.68,"Apple Pay",Mobile,UK,Fashion,0,1418,0,"2025-06-01 19:56:00",0,NULL,0,0,0,0,Low
T0000033,C28333,31.04,PayPal,Mobile,India,Travel,0,1778,1,"2025-10-07 19:56:00",0,NULL,0,0,0,0,Low
T0000034,C09348,43.62,"Credit Card",Mobile,UK,Gaming,1,327,0,"2025-09-26 19:56:00",0,NULL,0,0,0,0,Low
T0000035,C24109,30.14,"Credit Card",Tablet,Canada,Gaming,0,1407,0,"2025-07-27 19:56:00",1,134.73,0,0,0,0,Low
T0000036,C15624,29.63,"Credit Card",Mobile,Germany,Gaming,0,1863,0,"2025-08-16 19:56:00",1,15.82,0,0,0,0,Low
T0000037,C02227,428.14,"Google Pay",Desktop,USA,Gaming,0,1420,0,"2025-05-20 19:56:00",0,NULL,0,0,0,0,Low
T0000038,C01303,42.95,PayPal,Desktop,Australia,Fashion,0,122,0,"2025-06-17 19:56:00",0,NULL,0,0,0,0,Low
T0000039,C21946,450.68,PayPal,Desktop,India,Travel,0,1769,1,"2025-11-21 19:56:00",0,NULL,0,0,0,0,Low
T0000040,C10361,286.66,"Credit Card",Desktop,Germany,Gaming,0,1717,0,"2026-03-24 19:56:00",0,224.13,0,0,0,0,Low
T0000041,C06985,71.26,PayPal,Mobile,Canada,Groceries,1,1472,1,"2025-08-14 19:56:00",0,NULL,0,0,0,0,Low
T0000042,C05170,172.07,"Google Pay",Tablet,Australia,Groceries,1,893,1,"2025-09-18 19:56:00",0,NULL,0,0,0,0,Low
T0000043,C21738,491.97,"Google Pay",Desktop,USA,Fashion,0,1234,0,"2026-03-08 19:56:00",0,NULL,0,0,0,0,Low
T0000044,C08925,46.42,PayPal,Tablet,Canada,Gaming,0,669,0,"2025-12-07 19:56:00",0,NULL,0,0,0,0,Low
T0000045,C16009,47.34,"Credit Card",Mobile,Australia,Electronics,0,1544,1,"2025-12-23 19:56:00",0,NULL,0,0,0,0,Low
T0000046,C10930,30.82,"Apple Pay",Mobile,Australia,Gaming,1,1969,0,"2026-02-23 19:56:00",0,385.07,0,0,0,0,Low
T0000047,C00317,58.68,PayPal,Tablet,UK,Gaming,0,1986,0,"2026-03-04 19:56:00",0,NULL,0,0,0,0,Low
T0000048,C18106,14.45,"Credit Card",Mobile,USA,Groceries,1,1644,1,"2026-02-14 19:56:00",0,NULL,0,0,0,0,Low
T0000049,C06884,31.14,"Google Pay",Tablet,USA,Travel,0,1605,1,"2025-05-16 19:56:00",0,NULL,0,0,0,0,Low
T0000050,C20338,36.27,PayPal,Mobile,UK,Travel,0,462,0,"2026-02-10 19:56:00",0,NULL,0,0,0,0,Low
T0000051,C26288,276.81,"Apple Pay",Desktop,UK,Electronics,0,1132,0,"2025-05-23 19:56:00",0,NULL,0,0,0,0,Low
T0000052,C28135,144.62,"Debit Card",Mobile,India,Fashion,0,1953,0,"2025-09-02 19:56:00",0,NULL,0,0,0,0,Low
T0000053,C00776,228.4,"Credit Card",Desktop,Canada,Groceries,0,263,1,"2025-05-28 19:56:00",0,NULL,0,0,0,0,Low
T0000054,C11507,1.11,"Credit Card",Tablet,Germany,Electronics,1,1894,1,"2025-06-06 19:56:00",0,NULL,0,0,0,0,Low
T0000055,C28739,40.08,"Credit Card",Tablet,Canada,Gaming,0,1753,0,"2025-12-18 19:56:00",0,NULL,0,0,0,0,Low
T0000056,C14240,623.44,"Apple Pay",Desktop,Germany,Gaming,1,407,0,"2025-11-05 19:56:00",0,166.82,1,0,0,1,Medium
T0000057,C06229,47.24,"Google Pay",Tablet,India,Gaming,0,410,0,"2025-12-21 19:56:00",0,NULL,0,0,0,0,Low
T0000058,C22507,44.19,PayPal,Desktop,India,Gaming,0,572,0,"2025-05-22 19:56:00",0,NULL,0,0,0,0,Low
T0000059,C10287,267.13,"Apple Pay",Tablet,Canada,Groceries,0,807,1,"2025-05-26 19:56:00",0,NULL,0,0,0,0,Low
T0000060,C13186,124.31,"Apple Pay",Tablet,UK,Luxury,1,825,1,"2025-05-09 19:56:00",0,NULL,0,0,0,0,Low
T0000061,C12424,39.55,"Apple Pay",Tablet,Germany,Gaming,0,1205,0,"2025-05-19 19:56:00",0,NULL,0,0,0,0,Low
T0000062,C27320,338.53,"Google Pay",Desktop,UK,Gaming,1,1925,1,"2026-04-30 19:56:00",0,NULL,0,0,0,0,Low
T0000063,C21454,1.87,"Google Pay",Desktop,India,Travel,1,616,0,"2025-11-17 19:56:00",0,NULL,0,0,0,0,Low
T0000064,C26010,397.65,"Credit Card",Desktop,Germany,Fashion,0,990,1,"2026-02-03 19:56:00",0,NULL,0,0,0,0,Low
T0000065,C22047,25.42,"Apple Pay",Mobile,UK,Gaming,0,1826,0,"2025-11-23 19:56:00",0,NULL,0,0,0,0,Low
T0000066,C27845,60.24,"Apple Pay",Desktop,Australia,Travel,1,1321,0,"2026-03-24 19:56:00",0,NULL,0,0,0,0,Low
T0000067,C13096,133.46,"Credit Card",Tablet,Australia,Travel,0,499,0,"2025-12-27 19:56:00",0,NULL,0,0,0,0,Low
T0000068,C07171,251.83,"Credit Card",Mobile,Germany,Travel,1,1844,0,"2026-01-30 19:56:00",0,NULL,0,0,0,0,Low
T0000069,C04370,148.1,"Google Pay",Desktop,Germany,Travel,1,1900,1,"2025-09-05 19:56:00",0,NULL,0,0,0,0,Low
T0000070,C29400,35.52,PayPal,Desktop,Canada,Gaming,1,912,0,"2026-02-08 19:56:00",0,NULL,0,0,0,0,Low
T0000071,C15880,83.54,PayPal,Desktop,India,Fashion,0,1916,0,"2025-06-14 19:56:00",0,NULL,0,0,0,0,Low
T0000072,C08904,49.5,"Debit Card",Tablet,USA,Fashion,1,1698,1,"2025-11-10 19:56:00",0,NULL,0,0,0,0,Low
T0000073,C12552,20.22,"Apple Pay",Tablet,UK,Travel,0,579,0,"2025-05-10 19:56:00",0,NULL,0,0,0,0,Low
T0000074,C10843,3.72,"Apple Pay",Desktop,USA,Travel,1,453,0,"2025-07-27 19:56:00",0,NULL,0,0,0,0,Low
T0000075,C29650,47.46,"Credit Card",Tablet,India,Groceries,0,1653,0,"2025-07-05 19:56:00",0,NULL,0,0,0,0,Low
T0000076,C09785,117.03,"Apple Pay",Tablet,Australia,Fashion,1,1383,0,"2025-10-13 19:56:00",0,NULL,0,0,0,0,Low
T0000077,C08944,93.35,"Apple Pay",Mobile,India,Luxury,1,379,1,"2025-09-19 19:56:00",0,481.42,0,0,0,0,Low
T0000078,C05409,87.15,"Apple Pay",Tablet,Germany,Gaming,0,1637,1,"2025-09-03 19:56:00",0,NULL,0,0,0,0,Low
T0000079,C18494,163.53,"Apple Pay",Mobile,Australia,Fashion,0,1863,1,"2025-05-26 19:56:00",0,99.70,0,0,0,0,Low
T0000080,C01648,216.93,PayPal,Desktop,UK,Groceries,1,1091,1,"2025-12-18 19:56:00",0,NULL,0,0,0,0,Low
T0000081,C24944,296.11,"Apple Pay",Desktop,Canada,Electronics,1,497,0,"2025-10-18 19:56:00",0,NULL,0,0,0,0,Low
T0000082,C24545,327.29,"Credit Card",Desktop,UK,Electronics,0,799,0,"2025-07-28 19:56:00",0,NULL,0,0,0,0,Low
T0000083,C08103,157.14,"Debit Card",Tablet,UK,Travel,0,1006,0,"2026-01-18 19:56:00",0,NULL,0,0,0,0,Low
T0000084,C21937,15.36,PayPal,Desktop,Australia,Fashion,0,1080,1,"2026-03-03 19:56:00",0,NULL,0,0,0,0,Low
T0000085,C19854,4.99,PayPal,Mobile,Canada,Gaming,0,1237,0,"2025-06-24 19:56:00",0,NULL,0,0,0,0,Low
T0000086,C22196,2.08,"Google Pay",Tablet,UK,Luxury,1,1322,1,"2025-10-20 19:56:00",0,NULL,0,0,0,0,Low
T0000087,C27217,74.99,"Google Pay",Mobile,Australia,Electronics,0,1791,0,"2025-06-13 19:56:00",0,NULL,0,0,0,0,Low
T0000088,C26091,120.97,PayPal,Desktop,Germany,Electronics,0,771,0,"2025-07-15 19:56:00",0,NULL,0,0,0,0,Low
T0000089,C16580,325.15,PayPal,Mobile,India,Luxury,1,525,1,"2025-06-03 19:56:00",0,128.33,1,0,0,1,Medium
T0000090,C29216,114.81,"Google Pay",Desktop,UK,Gaming,0,905,0,"2025-09-07 19:56:00",0,NULL,0,0,0,0,Low
T0000091,C25384,121.41,PayPal,Desktop,Australia,Fashion,1,1708,1,"2025-08-26 19:56:00",0,NULL,0,0,0,0,Low
T0000092,C27222,123.7,"Google Pay",Desktop,UK,Gaming,1,1646,1,"2026-03-17 19:56:00",0,NULL,0,0,0,0,Low
T0000093,C21896,118,"Debit Card",Mobile,India,Groceries,1,1076,1,"2025-10-18 19:56:00",0,NULL,0,0,0,0,Low
T0000094,C26144,26.15,"Google Pay",Desktop,Germany,Electronics,1,1286,1,"2025-12-19 19:56:00",0,NULL,0,0,0,0,Low
T0000095,C16929,11.9,"Debit Card",Mobile,Australia,Luxury,0,785,0,"2026-01-23 19:56:00",0,NULL,0,0,0,0,Low
T0000096,C15601,58.41,PayPal,Desktop,USA,Fashion,1,124,1,"2025-06-04 19:56:00",0,NULL,0,0,0,0,Low
T0000097,C13252,39.73,"Apple Pay",Desktop,Australia,Gaming,0,1526,0,"2025-05-11 19:56:00",0,NULL,0,0,0,0,Low
T0000098,C17398,331.09,PayPal,Tablet,Germany,Luxury,1,1030,1,"2025-11-05 19:56:00",0,NULL,0,0,0,0,Low
T0000099,C14869,39.76,"Debit Card",Desktop,UK,Groceries,1,1722,0,"2025-12-13 19:56:00",0,NULL,0,0,0,0,Low
T0000100,C03918,157.85,"Google Pay",Mobile,UK,Gaming,0,1813,0,"2025-07-30 19:56:00",0,NULL,0,0,0,0,Low
T0000101,C19556,67.24,PayPal,Mobile,Canada,Electronics,0,882,0,"2025-12-07 19:56:00",0,NULL,0,0,0,0,Low
T0000102,C23201,56.93,"Google Pay",Desktop,USA,Groceries,0,1375,0,"2025-07-31 19:56:00",0,NULL,0,0,0,0,Low
T0000103,C22853,42.4,"Apple Pay",Mobile,USA,Groceries,1,454,1,"2026-02-25 19:56:00",0,NULL,0,0,0,0,Low
T0000104,C06042,282.95,"Apple Pay",Desktop,USA,Travel,1,727,1,"2026-04-04 19:56:00",0,NULL,0,0,0,0,Low
T0000105,C02428,135.53,"Debit Card",Mobile,UK,Electronics,0,1102,0,"2025-07-09 19:56:00",0,NULL,0,0,0,0,Low
T0000106,C18287,41.64,"Apple Pay",Tablet,India,Groceries,0,1517,1,"2025-09-29 19:56:00",0,NULL,0,0,0,0,Low
T0000107,C28186,350.69,"Google Pay",Desktop,Germany,Luxury,1,1075,1,"2025-07-03 19:56:00",0,NULL,0,0,0,0,Low
T0000108,C03252,439.11,"Debit Card",Desktop,Australia,Fashion,0,1196,1,"2026-01-14 19:56:00",0,NULL,0,0,0,0,Low
T0000109,C05696,262.39,"Google Pay",Mobile,USA,Travel,0,1042,1,"2025-07-22 19:56:00",0,NULL,0,0,0,0,Low
T0000110,C09544,172.01,"Apple Pay",Desktop,Australia,Electronics,0,1201,1,"2026-04-14 19:56:00",0,NULL,0,0,0,0,Low
T0000111,C22525,9.07,"Apple Pay",Tablet,Germany,Electronics,1,1550,0,"2026-01-01 19:56:00",0,NULL,0,0,0,0,Low
T0000112,C17845,86.42,"Credit Card",Desktop,UK,Fashion,0,1866,0,"2026-01-05 19:56:00",0,NULL,0,0,0,0,Low
T0000113,C25973,254.79,PayPal,Desktop,USA,Luxury,1,1334,0,"2025-11-24 19:56:00",0,NULL,0,0,0,0,Low
T0000114,C13190,167.99,"Apple Pay",Desktop,USA,Luxury,1,454,0,"2025-12-12 19:56:00",0,NULL,0,0,0,0,Low
T0000115,C10562,56.98,"Google Pay",Mobile,USA,Gaming,1,1564,0,"2025-06-25 19:56:00",0,NULL,0,0,0,0,Low
T0000116,C00680,14.15,"Apple Pay",Tablet,USA,Gaming,1,1253,0,"2025-05-21 19:56:00",0,NULL,0,0,0,0,Low
T0000117,C21349,101.69,"Apple Pay",Mobile,Germany,Electronics,1,904,1,"2025-09-16 19:56:00",0,NULL,0,0,0,0,Low
T0000118,C15402,125.71,"Debit Card",Desktop,Canada,Groceries,1,199,0,"2025-11-03 19:56:00",0,NULL,0,0,0,0,Low
T0000119,C13489,61.34,"Google Pay",Desktop,Australia,Electronics,1,943,1,"2025-05-10 19:56:00",0,NULL,0,0,0,0,Low
T0000120,C14904,68.8,"Apple Pay",Desktop,Canada,Gaming,1,1862,1,"2026-03-16 19:56:00",0,NULL,0,0,0,0,Low
T0000121,C27032,46.75,"Google Pay",Desktop,USA,Groceries,1,1262,0,"2026-04-30 19:56:00",0,NULL,0,0,0,0,Low
T0000122,C20403,35,PayPal,Mobile,UK,Travel,1,56,1,"2025-08-18 19:56:00",0,NULL,0,0,0,0,Low
T0000123,C28864,119.12,PayPal,Mobile,USA,Gaming,1,1406,1,"2025-05-08 19:56:00",0,NULL,0,0,0,0,Low
T0000124,C00449,143.25,"Credit Card",Mobile,UK,Luxury,1,980,0,"2025-07-22 19:56:00",0,NULL,0,0,0,0,Low
T0000125,C27268,39.58,"Apple Pay",Tablet,Canada,Travel,1,382,1,"2026-02-11 19:56:00",0,NULL,0,0,0,0,Low
T0000126,C15474,38.98,"Debit Card",Tablet,UK,Gaming,1,1349,1,"2025-12-27 19:56:00",0,NULL,0,0,0,0,Low
T0000127,C16655,105.15,"Google Pay",Desktop,India,Groceries,0,1737,1,"2026-02-20 19:56:00",0,NULL,0,0,0,0,Low
T0000128,C26888,72.45,"Debit Card",Tablet,Canada,Travel,1,1757,1,"2026-04-29 19:56:00",0,NULL,0,0,0,0,Low
T0000129,C17649,110.79,"Apple Pay",Desktop,Germany,Groceries,1,1286,1,"2025-08-26 19:56:00",0,NULL,0,0,0,0,Low
T0000130,C28496,338.68,"Apple Pay",Tablet,India,Electronics,0,459,0,"2026-01-24 19:56:00",0,NULL,0,0,0,0,Low
T0000131,C10427,10.36,"Apple Pay",Desktop,Australia,Electronics,1,1038,1,"2025-08-31 19:56:00",0,NULL,0,0,0,0,Low
T0000132,C04137,3.21,"Apple Pay",Mobile,India,Electronics,1,233,0,"2025-08-16 19:56:00",0,NULL,0,0,0,0,Low
T0000133,C23674,506.28,"Apple Pay",Tablet,UK,Groceries,1,1887,1,"2026-02-16 19:56:00",0,NULL,0,0,0,0,Low
T0000134,C11094,212.05,"Google Pay",Tablet,USA,Travel,1,114,1,"2025-06-15 19:56:00",0,10.54,1,0,0,1,Medium
T0000135,C10377,64.3,"Debit Card",Tablet,USA,Luxury,1,718,1,"2025-06-14 19:56:00",1,144.95,0,0,0,0,Low
T0000136,C22427,980.69,"Credit Card",Tablet,USA,Luxury,0,1598,1,"2025-12-04 19:56:00",0,NULL,0,0,0,0,Low
T0000137,C23066,347.54,"Credit Card",Mobile,Australia,Groceries,1,1111,1,"2026-03-10 19:56:00",0,NULL,0,0,0,0,Low
T0000138,C26089,27.54,"Debit Card",Desktop,Canada,Fashion,1,1805,1,"2026-04-02 19:56:00",0,NULL,0,0,0,0,Low
T0000139,C17406,31.15,"Apple Pay",Mobile,UK,Gaming,0,1381,0,"2025-10-02 19:56:00",0,NULL,0,0,0,0,Low
T0000140,C22385,37.55,"Apple Pay",Tablet,UK,Luxury,1,447,0,"2025-12-28 19:56:00",0,NULL,0,0,0,0,Low
T0000141,C08323,177.58,PayPal,Tablet,USA,Luxury,1,1087,1,"2025-09-07 19:56:00",0,NULL,0,0,0,0,Low
T0000142,C17911,412.94,"Apple Pay",Desktop,Canada,Luxury,0,410,1,"2026-02-09 19:56:00",0,NULL,0,0,0,0,Low
T0000143,C08196,17.27,"Apple Pay",Mobile,India,Gaming,1,1943,1,"2025-09-09 19:56:00",0,NULL,0,0,0,0,Low
T0000144,C11763,146.12,"Apple Pay",Tablet,Canada,Groceries,1,747,0,"2025-07-10 19:56:00",0,NULL,0,0,0,0,Low
T0000145,C00266,51.8,PayPal,Tablet,Australia,Fashion,0,444,0,"2025-07-15 19:56:00",0,NULL,0,0,0,0,Low
T0000146,C19893,281.41,"Debit Card",Tablet,UK,Luxury,0,993,0,"2025-11-01 19:56:00",0,NULL,0,0,0,0,Low
T0000147,C03184,289.58,"Google Pay",Desktop,India,Groceries,0,90,1,"2025-06-13 19:56:00",0,NULL,0,0,0,0,Low
T0000148,C23998,358.34,"Debit Card",Desktop,Canada,Fashion,0,1363,0,"2026-02-22 19:56:00",0,NULL,0,0,0,0,Low
T0000149,C04331,175.8,"Debit Card",Tablet,Germany,Groceries,1,1807,1,"2025-07-28 19:56:00",0,NULL,0,0,0,0,Low
T0000150,C29952,81.42,"Apple Pay",Tablet,Canada,Electronics,1,1785,1,"2025-08-27 19:56:00",0,NULL,0,0,0,0,Low
T0000151,C04613,50.15,"Apple Pay",Tablet,Canada,Electronics,1,1407,0,"2026-01-05 19:56:00",0,NULL,0,0,0,0,Low
T0000152,C08666,143.55,"Google Pay",Desktop,Canada,Travel,0,1228,0,"2025-07-30 19:56:00",0,NULL,0,0,0,0,Low
T0000153,C26949,248.88,"Google Pay",Mobile,Australia,Gaming,1,70,1,"2025-06-08 19:56:00",0,NULL,0,0,0,0,Low
T0000154,C10749,25.63,PayPal,Tablet,USA,Luxury,0,613,0,"2025-06-22 19:56:00",0,NULL,0,0,0,0,Low
T0000155,C13380,51.26,"Credit Card",Mobile,USA,Electronics,0,654,0,"2026-03-02 19:56:00",0,NULL,0,0,0,0,Low
T0000156,C07694,74.12,"Google Pay",Desktop,India,Travel,0,1111,0,"2025-07-29 19:56:00",0,NULL,0,0,0,0,Low
T0000157,C19246,48.08,"Google Pay",Tablet,USA,Travel,1,56,1,"2026-02-10 19:56:00",0,NULL,0,0,0,0,Low
T0000158,C09167,118.63,PayPal,Mobile,India,Electronics,1,346,1,"2026-04-14 19:56:00",0,NULL,0,0,0,0,Low
T0000159,C22469,38.9,"Credit Card",Mobile,India,Travel,1,1286,1,"2025-10-24 19:56:00",0,NULL,0,0,0,0,Low
T0000160,C03004,514.47,"Credit Card",Tablet,Australia,Groceries,0,37,0,"2025-05-26 19:56:00",0,NULL,0,0,0,0,Low
T0000161,C07982,55.24,"Debit Card",Mobile,Germany,Groceries,0,535,0,"2026-02-25 19:56:00",0,NULL,0,0,0,0,Low
T0000162,C25375,19.18,"Google Pay",Desktop,UK,Groceries,0,1784,0,"2026-02-14 19:56:00",0,NULL,0,0,0,0,Low
T0000163,C26166,3.71,"Credit Card",Tablet,USA,Groceries,0,1916,0,"2026-01-31 19:56:00",0,NULL,0,0,0,0,Low
T0000164,C25887,33.32,"Apple Pay",Mobile,UK,Gaming,1,723,1,"2025-12-30 19:56:00",0,NULL,0,0,0,0,Low
T0000165,C03725,99.6,"Apple Pay",Desktop,Canada,Gaming,1,135,0,"2026-03-29 19:56:00",0,NULL,0,0,0,0,Low
T0000166,C07260,15.31,"Apple Pay",Tablet,Australia,Luxury,0,1613,0,"2025-06-20 19:56:00",0,NULL,0,0,0,0,Low
T0000167,C01021,52.64,"Apple Pay",Desktop,India,Luxury,1,120,1,"2026-03-30 19:56:00",0,NULL,0,0,0,0,Low
T0000168,C29810,160.19,PayPal,Mobile,Canada,Gaming,0,604,0,"2025-09-15 19:56:00",0,NULL,0,0,0,0,Low
T0000169,C20745,57.13,"Apple Pay",Desktop,Germany,Gaming,1,1353,1,"2025-07-05 19:56:00",0,NULL,0,0,0,0,Low
T0000170,C19839,101.49,"Apple Pay",Tablet,USA,Travel,0,1410,0,"2025-09-22 19:56:00",0,NULL,0,0,0,0,Low
T0000171,C29101,32.5,"Apple Pay",Desktop,India,Luxury,1,1383,1,"2026-01-04 19:56:00",0,NULL,0,0,0,0,Low
T0000172,C03116,24.78,PayPal,Desktop,Australia,Fashion,1,768,1,"2025-11-21 19:56:00",0,NULL,0,0,0,0,Low
T0000173,C22506,6.36,PayPal,Mobile,USA,Fashion,0,477,0,"2025-08-31 19:56:00",0,NULL,0,0,0,0,Low
T0000174,C18232,418.69,PayPal,Tablet,USA,Luxury,1,1639,1,"2026-03-31 19:56:00",0,NULL,0,0,0,0,Low
T0000175,C24586,22.49,PayPal,Desktop,Germany,Electronics,0,856,0,"2025-09-26 19:56:00",0,NULL,0,0,0,0,Low
T0000176,C18938,91.9,"Credit Card",Mobile,Australia,Groceries,0,1678,1,"2025-08-14 19:56:00",0,NULL,0,0,0,0,Low
T0000177,C27702,24.85,"Google Pay",Mobile,Canada,Gaming,1,234,1,"2025-07-20 19:56:00",0,NULL,0,0,0,0,Low
T0000178,C20106,159.93,"Credit Card",Tablet,Australia,Fashion,0,663,1,"2025-05-20 19:56:00",0,27.69,1,0,0,1,Medium
T0000179,C08955,40.87,"Debit Card",Desktop,Canada,Fashion,1,854,0,"2025-05-06 19:56:00",0,NULL,0,0,0,0,Low
T0000180,C18558,91.27,"Google Pay",Mobile,UK,Fashion,1,270,0,"2025-05-29 19:56:00",0,NULL,0,0,0,0,Low
T0000181,C12328,7.86,PayPal,Desktop,UK,Luxury,1,1629,1,"2025-09-28 19:56:00",0,NULL,0,0,0,0,Low
T0000182,C10630,35.27,"Credit Card",Mobile,UK,Luxury,0,920,0,"2025-07-14 19:56:00",0,NULL,0,0,0,0,Low
T0000183,C02674,76.54,"Google Pay",Tablet,India,Travel,1,1614,0,"2025-12-12 19:56:00",0,NULL,0,0,0,0,Low
T0000184,C13572,213.07,"Apple Pay",Tablet,USA,Electronics,0,385,1,"2025-12-12 19:56:00",0,NULL,0,0,0,0,Low
T0000185,C09282,564.33,"Credit Card",Tablet,Australia,Fashion,1,522,1,"2025-05-18 19:56:00",0,70.58,1,0,0,1,Medium
T0000186,C12952,162.17,"Debit Card",Mobile,UK,Groceries,0,1873,1,"2025-06-28 19:56:00",0,NULL,0,0,0,0,Low
T0000187,C09485,211.19,"Apple Pay",Mobile,India,Gaming,0,734,1,"2025-11-14 19:56:00",0,NULL,0,0,0,0,Low
T0000188,C23058,24.76,"Apple Pay",Mobile,India,Electronics,1,583,0,"2026-01-03 19:56:00",0,NULL,0,0,0,0,Low
T0000189,C28250,53.34,PayPal,Tablet,India,Electronics,1,305,1,"2025-11-21 19:56:00",0,NULL,0,0,0,0,Low
T0000190,C13273,72.17,PayPal,Mobile,Germany,Electronics,1,1670,1,"2026-04-20 19:56:00",0,NULL,0,0,0,0,Low
T0000191,C14311,43.04,"Google Pay",Desktop,Germany,Electronics,0,674,0,"2026-03-07 19:56:00",0,NULL,0,0,0,0,Low
T0000192,C12969,52.69,"Credit Card",Mobile,Canada,Gaming,1,1649,0,"2025-11-23 19:56:00",0,NULL,0,0,0,0,Low
T0000193,C16711,31.21,"Debit Card",Desktop,Australia,Electronics,1,400,0,"2026-01-21 19:56:00",0,NULL,0,0,0,0,Low
T0000194,C04799,157.36,"Credit Card",Mobile,Germany,Fashion,0,1322,1,"2025-12-20 19:56:00",0,NULL,0,0,0,0,Low
T0000195,C25325,91.49,"Google Pay",Desktop,Germany,Luxury,1,559,1,"2025-06-13 19:56:00",0,NULL,0,0,0,0,Low
T0000196,C20818,167.51,"Apple Pay",Tablet,Canada,Electronics,1,1287,1,"2025-06-15 19:56:00",0,78.78,1,0,0,1,Medium
T0000197,C15366,27.46,PayPal,Desktop,Germany,Gaming,1,1875,0,"2025-09-16 19:56:00",0,NULL,0,0,0,0,Low
T0000198,C02432,50.24,PayPal,Desktop,USA,Groceries,1,1910,0,"2025-11-23 19:56:00",0,NULL,0,0,0,0,Low
T0000199,C02515,16.37,"Apple Pay",Tablet,Germany,Gaming,0,1190,0,"2025-06-04 19:56:00",0,NULL,0,0,0,0,Low
T0000200,C18164,31.25,PayPal,Tablet,Australia,Gaming,1,104,1,"2026-04-09 19:56:00",0,NULL,0,0,0,0,Low
T0000201,C15586,109.49,PayPal,Mobile,India,Luxury,0,1316,0,"2025-08-17 19:56:00",0,NULL,0,0,0,0,Low
T0000202,C02764,50.9,"Google Pay",Mobile,UK,Gaming,0,311,1,"2025-08-15 19:56:00",0,NULL,0,0,0,0,Low
T0000203,C19983,114.53,"Apple Pay",Desktop,Canada,Groceries,1,994,1,"2026-02-08 19:56:00",0,NULL,0,0,0,0,Low
T0000204,C22247,35.49,"Credit Card",Tablet,Australia,Groceries,0,1013,0,"2025-06-28 19:56:00",0,NULL,0,0,0,0,Low
T0000205,C03097,99.93,PayPal,Desktop,Canada,Electronics,1,1873,0,"2025-07-19 19:56:00",0,NULL,0,0,0,0,Low
T0000206,C19096,126.45,"Debit Card",Desktop,Canada,Gaming,0,1938,0,"2025-05-26 19:56:00",0,NULL,0,0,0,0,Low
T0000207,C23228,66.22,"Debit Card",Tablet,India,Luxury,1,1759,1,"2026-03-18 19:56:00",0,NULL,0,0,0,0,Low
T0000208,C23031,289.87,"Google Pay",Tablet,Australia,Groceries,0,1379,1,"2025-05-15 19:56:00",0,NULL,0,0,0,0,Low
T0000209,C00598,219.09,"Apple Pay",Mobile,UK,Fashion,1,1864,1,"2025-10-27 19:56:00",0,NULL,0,0,0,0,Low
T0000210,C07424,44.78,"Google Pay",Mobile,Canada,Luxury,0,1464,0,"2026-02-19 19:56:00",0,NULL,0,0,0,0,Low
T0000211,C28957,6.76,"Google Pay",Tablet,Canada,Travel,0,126,0,"2025-08-04 19:56:00",0,NULL,0,0,0,0,Low
T0000212,C05055,111.08,"Apple Pay",Tablet,Germany,Electronics,0,1635,0,"2026-02-06 19:56:00",0,NULL,0,0,0,0,Low
T0000213,C13464,302.87,"Apple Pay",Desktop,Germany,Fashion,0,427,1,"2025-10-26 19:56:00",0,NULL,0,0,0,0,Low
T0000214,C17499,300.79,"Google Pay",Desktop,UK,Travel,1,1212,1,"2025-12-29 19:56:00",0,NULL,0,0,0,0,Low
T0000215,C15129,34.24,"Debit Card",Tablet,Germany,Fashion,1,1889,1,"2025-12-07 19:56:00",0,NULL,0,0,0,0,Low
T0000216,C26256,44.78,PayPal,Desktop,USA,Gaming,0,165,1,"2025-06-25 19:56:00",0,194.16,0,0,0,0,Low
T0000217,C03362,28.69,PayPal,Desktop,USA,Travel,0,1394,0,"2025-05-01 19:56:00",0,NULL,0,0,0,0,Low
T0000218,C29666,19.31,"Apple Pay",Desktop,USA,Groceries,0,1393,0,"2025-08-11 19:56:00",0,NULL,0,0,0,0,Low
T0000219,C00874,83.71,"Debit Card",Desktop,Germany,Travel,0,1924,0,"2025-09-30 19:56:00",0,NULL,0,0,0,0,Low
T0000220,C02675,193,PayPal,Mobile,Canada,Fashion,0,1338,1,"2025-10-21 19:56:00",0,NULL,0,0,0,0,Low
T0000221,C04509,4.47,"Apple Pay",Desktop,Australia,Travel,1,27,1,"2026-04-11 19:56:00",0,NULL,0,0,0,0,Low
T0000222,C20164,41.78,"Google Pay",Mobile,Canada,Luxury,0,511,0,"2026-04-28 19:56:00",0,266.35,0,0,0,0,Low
T0000223,C19952,69.74,"Credit Card",Mobile,Canada,Fashion,1,840,0,"2025-08-03 19:56:00",0,NULL,0,0,0,0,Low
T0000224,C13757,13.04,"Credit Card",Mobile,USA,Luxury,1,809,1,"2025-06-07 19:56:00",0,NULL,0,0,0,0,Low
T0000225,C16888,38.14,"Apple Pay",Tablet,UK,Electronics,0,96,0,"2025-07-10 19:56:00",0,NULL,0,0,0,0,Low
T0000226,C20147,463.2,"Credit Card",Tablet,India,Gaming,0,322,0,"2025-11-01 19:56:00",0,NULL,0,0,0,0,Low
T0000227,C11817,30.12,"Apple Pay",Desktop,India,Groceries,0,337,0,"2026-03-27 19:56:00",0,NULL,0,0,0,0,Low
T0000228,C08312,13.19,"Credit Card",Mobile,Canada,Gaming,1,1637,0,"2026-04-22 19:56:00",0,NULL,0,0,0,0,Low
T0000229,C24091,32.65,"Debit Card",Mobile,Canada,Luxury,0,1945,0,"2025-11-11 19:56:00",0,NULL,0,0,0,0,Low
T0000230,C15225,60.74,"Credit Card",Tablet,UK,Luxury,1,16,0,"2025-05-09 19:56:00",0,NULL,0,0,0,0,Low
T0000231,C25435,120.37,"Debit Card",Desktop,UK,Electronics,0,1657,0,"2025-09-08 19:56:00",0,NULL,0,0,0,0,Low
T0000232,C10342,24.02,"Credit Card",Tablet,India,Luxury,1,523,1,"2025-11-23 19:56:00",0,NULL,0,0,0,0,Low
T0000233,C06263,289.79,PayPal,Mobile,Australia,Travel,1,1032,1,"2025-12-05 19:56:00",0,NULL,0,0,0,0,Low
T0000234,C29147,57.3,"Apple Pay",Desktop,Canada,Luxury,1,270,1,"2025-10-08 19:56:00",0,NULL,0,0,0,0,Low
T0000235,C16303,50.81,"Google Pay",Mobile,Australia,Fashion,1,949,1,"2025-10-24 19:56:00",0,NULL,0,0,0,0,Low
T0000236,C17875,29.74,PayPal,Mobile,USA,Travel,1,723,1,"2025-12-01 19:56:00",0,NULL,0,0,0,0,Low
T0000237,C19747,100.1,"Apple Pay",Tablet,India,Electronics,0,1915,0,"2025-09-24 19:56:00",0,NULL,0,0,0,0,Low
T0000238,C23817,2.73,"Credit Card",Desktop,Australia,Luxury,1,246,1,"2025-11-01 19:56:00",0,65.26,0,0,0,0,Low
T0000239,C20891,61.81,"Credit Card",Tablet,Australia,Fashion,1,503,0,"2025-10-05 19:56:00",0,NULL,0,0,0,0,Low
T0000240,C27810,499.27,PayPal,Mobile,UK,Groceries,1,1760,1,"2025-06-23 19:56:00",0,NULL,0,0,0,0,Low
T0000241,C12546,137.93,PayPal,Tablet,UK,Groceries,0,51,0,"2025-07-14 19:56:00",0,NULL,0,0,0,0,Low
T0000242,C14548,103.11,PayPal,Tablet,Canada,Luxury,0,1186,1,"2026-03-22 19:56:00",0,NULL,0,0,0,0,Low
T0000243,C09133,82.57,"Apple Pay",Mobile,Australia,Gaming,0,351,0,"2025-12-24 19:56:00",0,NULL,0,0,0,0,Low
T0000244,C03859,17.66,"Google Pay",Tablet,India,Groceries,1,177,0,"2025-12-17 19:56:00",0,NULL,0,0,0,0,Low
T0000245,C22741,34.64,"Apple Pay",Mobile,UK,Electronics,0,1718,0,"2025-08-22 19:56:00",0,NULL,0,0,0,0,Low
T0000246,C26559,218.5,"Google Pay",Tablet,Canada,Gaming,1,1591,1,"2025-05-16 19:56:00",0,NULL,0,0,0,0,Low
T0000247,C09515,5.77,PayPal,Tablet,Australia,Gaming,0,828,0,"2025-11-28 19:56:00",0,NULL,0,0,0,0,Low
T0000248,C07348,11.36,"Google Pay",Mobile,UK,Gaming,0,1812,0,"2026-02-27 19:56:00",0,NULL,0,0,0,0,Low
T0000249,C12089,40.88,PayPal,Tablet,USA,Travel,0,1343,0,"2025-09-03 19:56:00",0,NULL,0,0,0,0,Low
T0000250,C23493,77.56,"Debit Card",Desktop,Germany,Groceries,1,1345,0,"2025-08-28 19:56:00",0,NULL,0,0,0,0,Low
T0000251,C21049,29.04,"Debit Card",Desktop,Australia,Gaming,1,1772,1,"2026-03-24 19:56:00",0,NULL,0,0,0,0,Low
T0000252,C20965,221.06,"Google Pay",Mobile,India,Fashion,0,491,1,"2025-07-04 19:56:00",1,3.91,1,0,0,1,Medium
T0000253,C09966,117.17,PayPal,Desktop,Australia,Gaming,0,305,0,"2026-02-05 19:56:00",0,NULL,0,0,0,0,Low
T0000254,C29325,156.32,"Debit Card",Desktop,UK,Luxury,0,34,0,"2025-12-06 19:56:00",0,NULL,0,0,0,0,Low
T0000255,C09923,33.95,"Google Pay",Tablet,Australia,Gaming,0,181,0,"2025-06-20 19:56:00",0,NULL,0,0,0,0,Low
T0000256,C05053,411.92,"Credit Card",Tablet,USA,Electronics,1,1646,1,"2026-02-02 19:56:00",0,NULL,0,0,0,0,Low
T0000257,C21020,11.53,"Google Pay",Tablet,UK,Luxury,1,339,1,"2025-07-09 19:56:00",0,NULL,0,0,0,0,Low
T0000258,C00993,140.76,"Debit Card",Tablet,Canada,Luxury,1,1809,1,"2025-08-19 19:56:00",0,NULL,0,0,0,0,Low
T0000259,C13307,122.25,"Apple Pay",Mobile,Australia,Travel,1,475,0,"2025-11-29 19:56:00",0,NULL,0,0,0,0,Low
T0000260,C15219,80.67,PayPal,Tablet,UK,Luxury,1,1571,1,"2026-01-16 19:56:00",0,NULL,0,0,0,0,Low
T0000261,C28206,4.83,"Apple Pay",Mobile,Canada,Electronics,1,1952,0,"2025-11-05 19:56:00",0,NULL,0,0,0,0,Low
T0000262,C08765,97.38,"Apple Pay",Mobile,USA,Gaming,0,1552,0,"2025-09-12 19:56:00",0,NULL,0,0,0,0,Low
T0000263,C13702,42.35,"Debit Card",Desktop,Germany,Fashion,0,603,0,"2025-12-24 19:56:00",0,NULL,0,0,0,0,Low
T0000264,C16328,164.01,"Credit Card",Desktop,Canada,Electronics,1,1476,1,"2025-08-10 19:56:00",0,NULL,0,0,0,0,Low
T0000265,C12886,211.87,PayPal,Mobile,UK,Travel,1,629,1,"2025-08-15 19:56:00",0,NULL,0,0,0,0,Low
T0000266,C19580,15.42,"Credit Card",Desktop,Germany,Travel,1,945,0,"2025-05-31 19:56:00",0,NULL,0,0,0,0,Low
T0000267,C04389,69.8,"Apple Pay",Desktop,Canada,Electronics,1,1549,0,"2025-12-16 19:56:00",0,NULL,0,0,0,0,Low
T0000268,C18687,187.69,"Credit Card",Desktop,Germany,Travel,0,25,0,"2025-07-17 19:56:00",0,185.40,0,0,0,0,Low
T0000269,C16524,66.79,"Debit Card",Tablet,Australia,Electronics,1,1203,1,"2025-09-12 19:56:00",0,NULL,0,0,0,0,Low
T0000270,C12908,556.79,"Debit Card",Tablet,Canada,Gaming,1,1307,1,"2025-10-21 19:56:00",0,NULL,0,0,0,0,Low
T0000271,C16683,335.76,"Apple Pay",Mobile,USA,Gaming,0,38,1,"2025-10-07 19:56:00",0,NULL,0,0,0,0,Low
T0000272,C14975,174.9,"Debit Card",Desktop,Germany,Travel,0,706,1,"2026-02-13 19:56:00",0,NULL,0,0,0,0,Low
T0000273,C20202,104.32,"Google Pay",Tablet,Germany,Groceries,1,935,1,"2025-11-28 19:56:00",0,NULL,0,0,0,0,Low
T0000274,C15562,64.91,"Apple Pay",Desktop,Australia,Gaming,1,1722,0,"2026-04-22 19:56:00",0,NULL,0,0,0,0,Low
T0000275,C10082,14.05,"Google Pay",Tablet,India,Gaming,0,333,1,"2025-05-13 19:56:00",0,NULL,0,0,0,0,Low
T0000276,C07457,150.87,"Debit Card",Mobile,Germany,Electronics,1,958,1,"2026-04-04 19:56:00",0,NULL,0,0,0,0,Low
T0000277,C18762,528,"Debit Card",Mobile,USA,Travel,0,1377,1,"2025-05-07 19:56:00",0,NULL,0,0,0,0,Low
T0000278,C22627,15.95,"Credit Card",Tablet,Germany,Luxury,1,948,1,"2026-01-16 19:56:00",0,NULL,0,0,0,0,Low
T0000279,C04525,106.57,"Google Pay",Tablet,Canada,Travel,0,1095,0,"2025-08-08 19:56:00",0,NULL,0,0,0,0,Low
T0000280,C10282,114.05,PayPal,Tablet,Canada,Gaming,1,1604,1,"2026-02-01 19:56:00",0,NULL,0,0,0,0,Low
T0000281,C15866,61.62,"Debit Card",Desktop,Germany,Groceries,0,1276,1,"2026-01-22 19:56:00",0,119.67,0,0,0,0,Low
T0000282,C25270,86.26,PayPal,Tablet,Australia,Travel,0,227,1,"2025-12-04 19:56:00",0,NULL,0,0,0,0,Low
T0000283,C11430,4.49,"Apple Pay",Desktop,USA,Groceries,1,1806,1,"2025-07-18 19:56:00",0,NULL,0,0,0,0,Low
T0000284,C25332,119.24,"Apple Pay",Mobile,Canada,Luxury,1,1053,0,"2026-02-15 19:56:00",0,NULL,0,0,0,0,Low
T0000285,C08404,633.61,PayPal,Mobile,Germany,Fashion,0,699,1,"2025-08-28 19:56:00",0,7.29,1,0,0,1,Medium
T0000286,C03580,81.08,"Credit Card",Mobile,USA,Electronics,0,790,0,"2025-06-19 19:56:00",0,NULL,0,0,0,0,Low
T0000287,C13544,30.4,"Google Pay",Mobile,Australia,Fashion,1,1643,1,"2025-11-12 19:56:00",0,NULL,0,0,0,0,Low
T0000288,C13334,73.37,PayPal,Desktop,Australia,Groceries,1,1574,0,"2025-05-31 19:56:00",0,NULL,0,0,0,0,Low
T0000289,C09353,263.51,"Credit Card",Mobile,Australia,Fashion,0,530,0,"2025-06-04 19:56:00",0,NULL,0,0,0,0,Low
T0000290,C13694,47.89,PayPal,Desktop,India,Electronics,0,1259,0,"2026-01-30 19:56:00",0,NULL,0,0,0,0,Low
T0000291,C00304,63,"Google Pay",Desktop,Canada,Gaming,0,1209,0,"2025-11-29 19:56:00",0,NULL,0,0,0,0,Low
T0000292,C16185,82.19,PayPal,Desktop,UK,Fashion,1,805,0,"2026-02-21 19:56:00",0,NULL,0,0,0,0,Low
T0000293,C23958,9.5,PayPal,Tablet,UK,Groceries,1,233,0,"2025-09-08 19:56:00",0,NULL,0,0,0,0,Low
T0000294,C18606,87.1,"Google Pay",Mobile,Germany,Groceries,0,49,0,"2025-05-20 19:56:00",0,NULL,0,0,0,0,Low
T0000295,C02843,100.09,"Debit Card",Mobile,UK,Electronics,0,345,1,"2025-10-07 19:56:00",0,NULL,0,0,0,0,Low
T0000296,C08546,128.91,PayPal,Desktop,Canada,Gaming,0,790,0,"2025-10-16 19:56:00",0,NULL,0,0,0,0,Low
T0000297,C23688,217.69,"Debit Card",Desktop,Australia,Electronics,0,200,1,"2025-07-11 19:56:00",0,NULL,0,0,0,0,Low
T0000298,C21883,144.07,"Google Pay",Desktop,UK,Luxury,1,566,1,"2026-03-01 19:56:00",0,NULL,0,0,0,0,Low
T0000299,C25227,246.54,"Google Pay",Tablet,Canada,Fashion,0,1427,0,"2025-11-22 19:56:00",0,NULL,0,0,0,0,Low
T0000300,C07181,205.74,"Google Pay",Mobile,India,Travel,1,365,1,"2026-02-21 19:56:00",0,NULL,0,0,0,0,Low
T0000301,C24817,97.48,"Google Pay",Mobile,Australia,Luxury,0,1257,0,"2025-07-29 19:56:00",0,NULL,0,0,0,0,Low
T0000302,C11855,10.54,"Debit Card",Mobile,Germany,Fashion,0,369,0,"2026-03-22 19:56:00",0,NULL,0,0,0,0,Low
T0000303,C10752,36.1,"Apple Pay",Mobile,Australia,Electronics,1,684,1,"2025-08-07 19:56:00",0,NULL,0,0,0,0,Low
T0000304,C29455,16.5,"Apple Pay",Mobile,India,Gaming,1,1266,0,"2025-08-12 19:56:00",0,NULL,0,0,0,0,Low
T0000305,C01892,395.59,"Apple Pay",Tablet,Canada,Groceries,1,998,1,"2025-07-18 19:56:00",0,NULL,0,0,0,0,Low
T0000306,C26754,186.6,"Apple Pay",Tablet,USA,Groceries,0,1357,0,"2026-04-29 19:56:00",0,NULL,0,0,0,0,Low
T0000307,C22951,42.97,"Debit Card",Mobile,India,Fashion,0,1939,0,"2026-03-29 19:56:00",0,NULL,0,0,0,0,Low
T0000308,C25095,77,"Apple Pay",Desktop,India,Travel,1,219,1,"2025-06-06 19:56:00",0,NULL,0,0,0,0,Low
T0000309,C02630,246.25,"Debit Card",Tablet,Canada,Gaming,0,1260,1,"2025-05-16 19:56:00",0,NULL,0,0,0,0,Low
T0000310,C12880,108.29,"Credit Card",Tablet,UK,Groceries,0,1066,1,"2025-08-03 19:56:00",0,5.13,1,0,0,1,Medium
T0000311,C15172,46.92,"Debit Card",Tablet,India,Travel,1,1515,0,"2025-05-21 19:56:00",0,40.19,0,0,0,0,Low
T0000312,C11343,38.36,"Apple Pay",Mobile,Australia,Gaming,1,406,1,"2026-02-10 19:56:00",0,NULL,0,0,0,0,Low
T0000313,C25103,231.07,"Apple Pay",Mobile,USA,Gaming,0,893,0,"2026-04-22 19:56:00",0,NULL,0,0,0,0,Low
T0000314,C22021,219.87,"Debit Card",Mobile,Australia,Gaming,0,1572,1,"2025-05-05 19:56:00",0,NULL,0,0,0,0,Low
T0000315,C07120,243.04,"Google Pay",Tablet,Canada,Groceries,0,998,1,"2026-04-02 19:56:00",0,NULL,0,0,0,0,Low
T0000316,C18923,345.07,"Google Pay",Mobile,Canada,Fashion,1,1986,1,"2025-06-28 19:56:00",0,NULL,0,0,0,0,Low
T0000317,C13552,70.07,"Apple Pay",Mobile,Germany,Gaming,1,943,1,"2025-11-28 19:56:00",0,NULL,0,0,0,0,Low
T0000318,C16241,31.36,"Google Pay",Tablet,Australia,Groceries,1,802,1,"2026-04-06 19:56:00",0,NULL,0,0,0,0,Low
T0000319,C22817,150.6,"Google Pay",Mobile,Canada,Travel,1,1617,1,"2025-09-29 19:56:00",0,NULL,0,0,0,0,Low
T0000320,C07897,20.81,"Credit Card",Tablet,UK,Gaming,1,529,1,"2026-01-05 19:56:00",0,NULL,0,0,0,0,Low
T0000321,C13523,176.84,"Debit Card",Desktop,UK,Groceries,0,358,1,"2025-09-29 19:56:00",0,NULL,0,0,0,0,Low
T0000322,C21192,16.88,"Credit Card",Desktop,USA,Groceries,1,908,0,"2026-03-21 19:56:00",0,NULL,0,0,0,0,Low
T0000323,C12360,24.62,PayPal,Mobile,UK,Groceries,0,1927,0,"2025-05-21 19:56:00",1,45.60,0,0,0,0,Low
T0000324,C29786,138.84,"Apple Pay",Mobile,Australia,Fashion,0,965,0,"2026-04-23 19:56:00",0,NULL,0,0,0,0,Low
T0000325,C22795,7.96,PayPal,Desktop,UK,Travel,0,1377,0,"2025-06-25 19:56:00",0,NULL,0,0,0,0,Low
T0000326,C15279,68.14,"Google Pay",Desktop,Canada,Travel,1,283,1,"2025-07-31 19:56:00",0,NULL,0,0,0,0,Low
T0000327,C15271,136.9,PayPal,Desktop,UK,Travel,1,1334,1,"2026-03-11 19:56:00",0,NULL,0,0,0,0,Low
T0000328,C01499,169.79,PayPal,Tablet,UK,Gaming,0,223,0,"2025-07-16 19:56:00",0,NULL,0,0,0,0,Low
T0000329,C19138,165.95,PayPal,Desktop,UK,Fashion,1,1079,1,"2025-07-08 19:56:00",0,NULL,0,0,0,0,Low
T0000330,C12447,18.45,PayPal,Desktop,Germany,Travel,0,682,0,"2025-07-13 19:56:00",0,NULL,0,0,0,0,Low
T0000331,C23710,98.42,"Debit Card",Desktop,UK,Fashion,1,234,1,"2025-06-06 19:56:00",0,NULL,0,0,0,0,Low
T0000332,C23604,11.04,"Credit Card",Mobile,Germany,Luxury,1,125,1,"2025-07-25 19:56:00",0,NULL,0,0,0,0,Low
T0000333,C01590,53.14,"Debit Card",Mobile,Australia,Electronics,1,1719,0,"2026-04-27 19:56:00",0,NULL,0,0,0,0,Low
T0000334,C07168,141.78,"Apple Pay",Desktop,USA,Electronics,1,1338,1,"2025-08-15 19:56:00",0,NULL,0,0,0,0,Low
T0000335,C00217,363.27,PayPal,Mobile,USA,Electronics,1,783,1,"2025-08-01 19:56:00",0,NULL,0,0,0,0,Low
T0000336,C16457,115.04,"Debit Card",Mobile,USA,Fashion,1,1893,0,"2025-05-08 19:56:00",1,34.87,1,0,0,1,Medium
T0000337,C20309,194.17,"Credit Card",Desktop,Canada,Groceries,1,1117,1,"2025-08-04 19:56:00",0,NULL,0,0,0,0,Low
T0000338,C13305,96.62,"Credit Card",Tablet,UK,Luxury,0,904,0,"2025-09-07 19:56:00",0,NULL,0,0,0,0,Low
T0000339,C28123,123.8,"Apple Pay",Mobile,India,Electronics,0,987,1,"2025-06-02 19:56:00",0,NULL,0,0,0,0,Low
T0000340,C20865,7.47,PayPal,Mobile,India,Gaming,0,1334,0,"2026-04-26 19:56:00",0,NULL,0,0,0,0,Low
T0000341,C28114,114.77,"Credit Card",Mobile,UK,Luxury,0,694,0,"2026-03-13 19:56:00",0,NULL,0,0,0,0,Low
T0000342,C09188,24.12,"Google Pay",Mobile,Canada,Fashion,0,1845,0,"2025-07-26 19:56:00",0,NULL,0,0,0,0,Low
T0000343,C24650,97.26,"Google Pay",Mobile,Canada,Travel,1,1385,0,"2025-05-01 19:56:00",1,85.02,0,0,0,0,Low
T0000344,C22186,93.83,"Credit Card",Desktop,Australia,Gaming,1,764,1,"2025-07-28 19:56:00",0,NULL,0,0,0,0,Low
T0000345,C24428,136.82,PayPal,Mobile,India,Gaming,0,912,0,"2025-11-04 19:56:00",0,NULL,0,0,0,0,Low
T0000346,C25199,74.53,"Apple Pay",Desktop,USA,Travel,1,966,1,"2025-06-20 19:56:00",0,NULL,0,0,0,0,Low
T0000347,C07476,224.69,"Credit Card",Desktop,UK,Gaming,1,1415,1,"2025-10-30 19:56:00",0,NULL,0,0,0,0,Low
T0000348,C09679,527.29,"Debit Card",Mobile,Canada,Luxury,0,617,0,"2025-12-25 19:56:00",0,NULL,0,0,0,0,Low
T0000349,C12768,106.42,"Apple Pay",Mobile,USA,Groceries,1,587,1,"2025-11-19 19:56:00",0,NULL,0,0,0,0,Low
T0000350,C24948,109.27,"Google Pay",Mobile,USA,Gaming,0,764,0,"2025-12-13 19:56:00",0,21.48,1,0,0,1,Medium
T0000351,C16792,107.68,"Google Pay",Mobile,USA,Gaming,0,1270,0,"2025-10-04 19:56:00",0,NULL,0,0,0,0,Low
T0000352,C25705,75.24,"Credit Card",Mobile,Canada,Luxury,1,803,1,"2025-11-15 19:56:00",0,NULL,0,0,0,0,Low
T0000353,C29529,150.98,"Apple Pay",Tablet,Germany,Fashion,0,535,1,"2025-07-18 19:56:00",0,NULL,0,0,0,0,Low
T0000354,C04550,426.5,"Credit Card",Desktop,India,Fashion,1,562,1,"2025-12-14 19:56:00",0,NULL,0,0,0,0,Low
T0000355,C14244,34.08,PayPal,Desktop,India,Groceries,1,1117,0,"2025-12-10 19:56:00",0,NULL,0,0,0,0,Low
T0000356,C08081,107.86,"Apple Pay",Tablet,Germany,Electronics,1,37,0,"2025-06-14 19:56:00",0,NULL,0,0,0,0,Low
T0000357,C04440,35.83,PayPal,Desktop,Canada,Travel,0,1457,0,"2025-11-26 19:56:00",0,NULL,0,0,0,0,Low
T0000358,C10969,109.57,"Apple Pay",Desktop,Canada,Groceries,0,1043,0,"2025-09-22 19:56:00",0,NULL,0,0,0,0,Low
T0000359,C05821,9.16,"Google Pay",Desktop,Australia,Fashion,1,1811,1,"2025-10-09 19:56:00",0,NULL,0,0,0,0,Low
T0000360,C10679,132.82,"Google Pay",Desktop,Canada,Fashion,1,1809,1,"2025-10-20 19:56:00",0,91.33,0,0,0,0,Low
T0000361,C19407,115.21,"Apple Pay",Tablet,Germany,Luxury,0,1317,0,"2025-07-25 19:56:00",0,NULL,0,0,0,0,Low
T0000362,C06870,4.48,"Apple Pay",Tablet,USA,Fashion,1,174,1,"2025-09-18 19:56:00",0,NULL,0,0,0,0,Low
T0000363,C20754,182.68,"Apple Pay",Desktop,Australia,Travel,0,1400,0,"2025-11-26 19:56:00",0,NULL,0,0,0,0,Low
T0000364,C02424,243.24,"Google Pay",Tablet,India,Electronics,1,1915,1,"2025-09-13 19:56:00",0,NULL,0,0,0,0,Low
T0000365,C25911,518.34,"Google Pay",Mobile,UK,Electronics,0,291,1,"2025-10-28 19:56:00",0,NULL,0,0,0,0,Low
T0000366,C18456,4.82,"Credit Card",Desktop,India,Electronics,1,1790,0,"2025-06-04 19:56:00",0,NULL,0,0,0,0,Low
T0000367,C08479,11.13,"Apple Pay",Desktop,Canada,Luxury,0,499,0,"2026-01-07 19:56:00",0,NULL,0,0,0,0,Low
T0000368,C19287,60.78,"Credit Card",Desktop,USA,Groceries,0,135,0,"2025-05-12 19:56:00",0,NULL,0,0,0,0,Low
T0000369,C13631,363.92,PayPal,Tablet,UK,Groceries,0,1211,0,"2026-03-18 19:56:00",0,NULL,0,0,0,0,Low
T0000370,C14921,50.35,"Apple Pay",Desktop,India,Luxury,1,317,0,"2026-01-15 19:56:00",0,NULL,0,0,0,0,Low
T0000371,C22832,146.36,"Credit Card",Mobile,Canada,Electronics,1,1374,1,"2025-09-11 19:56:00",0,NULL,0,0,0,0,Low
T0000372,C27826,11.83,"Google Pay",Tablet,UK,Fashion,0,1528,0,"2025-11-06 19:56:00",0,NULL,0,0,0,0,Low
T0000373,C18085,23.4,"Debit Card",Tablet,India,Travel,1,436,1,"2026-02-08 19:56:00",0,NULL,0,0,0,0,Low
T0000374,C20636,137.96,"Apple Pay",Tablet,Australia,Electronics,0,1681,1,"2026-01-26 19:56:00",0,NULL,0,0,0,0,Low
T0000375,C24163,239.95,"Apple Pay",Desktop,Germany,Electronics,0,823,0,"2025-06-20 19:56:00",0,NULL,0,0,0,0,Low
T0000376,C23093,301.12,"Google Pay",Desktop,Australia,Electronics,0,1337,0,"2026-01-11 19:56:00",0,NULL,0,0,0,0,Low
T0000377,C26199,126.4,"Apple Pay",Desktop,Canada,Electronics,0,1019,0,"2025-07-30 19:56:00",0,28.50,1,0,0,1,Medium
T0000378,C08597,111.45,"Google Pay",Tablet,Australia,Travel,1,697,1,"2025-05-22 19:56:00",0,NULL,0,0,0,0,Low
T0000379,C20032,167.53,"Google Pay",Desktop,Canada,Fashion,0,980,0,"2025-10-12 19:56:00",0,NULL,0,0,0,0,Low
T0000380,C26665,252.96,"Debit Card",Tablet,Germany,Groceries,1,1647,1,"2025-05-21 19:56:00",0,NULL,0,0,0,0,Low
T0000381,C03863,69.19,"Google Pay",Mobile,UK,Travel,1,1312,0,"2025-12-29 19:56:00",0,NULL,0,0,0,0,Low
T0000382,C13705,68.64,"Debit Card",Tablet,India,Travel,0,734,0,"2025-06-29 19:56:00",0,NULL,0,0,0,0,Low
T0000383,C20825,47.09,PayPal,Tablet,UK,Fashion,0,1948,1,"2025-07-29 19:56:00",0,NULL,0,0,0,0,Low
T0000384,C06131,59.03,"Credit Card",Tablet,USA,Travel,1,300,1,"2025-11-20 19:56:00",0,NULL,0,0,0,0,Low
T0000385,C04474,30.94,"Apple Pay",Tablet,Germany,Luxury,1,971,1,"2026-01-21 19:56:00",0,NULL,0,0,0,0,Low
T0000386,C16113,74.72,"Google Pay",Desktop,UK,Electronics,1,463,0,"2025-09-30 19:56:00",0,NULL,0,0,0,0,Low
T0000387,C26080,294.74,"Debit Card",Mobile,Canada,Travel,1,1166,1,"2026-01-08 19:56:00",0,NULL,0,0,0,0,Low
T0000388,C18536,61.06,"Google Pay",Tablet,USA,Groceries,0,792,0,"2025-08-20 19:56:00",0,NULL,0,0,0,0,Low
T0000389,C17762,60.18,"Credit Card",Tablet,UK,Luxury,1,373,1,"2026-04-09 19:56:00",0,NULL,0,0,0,0,Low
T0000390,C27200,373.54,PayPal,Desktop,USA,Groceries,0,1024,1,"2025-05-31 19:56:00",0,NULL,0,0,0,0,Low
T0000391,C28253,272.43,"Google Pay",Mobile,UK,Luxury,1,1837,0,"2026-03-17 19:56:00",0,NULL,0,0,0,0,Low
T0000392,C11490,314.13,"Debit Card",Mobile,Germany,Electronics,1,1835,0,"2025-05-02 19:56:00",0,NULL,0,0,0,0,Low
T0000393,C18681,21.83,PayPal,Tablet,Germany,Luxury,1,503,0,"2025-11-02 19:56:00",0,NULL,0,0,0,0,Low
T0000394,C09590,44.06,"Debit Card",Tablet,Australia,Travel,1,1453,1,"2025-12-03 19:56:00",0,NULL,0,0,0,0,Low
T0000395,C01943,151.75,"Debit Card",Tablet,UK,Luxury,0,99,0,"2025-12-10 19:56:00",0,NULL,0,0,0,0,Low
T0000396,C10555,15.6,"Apple Pay",Desktop,UK,Travel,1,1619,1,"2025-12-25 19:56:00",0,NULL,0,0,0,0,Low
T0000397,C14811,193,PayPal,Desktop,Germany,Travel,0,1971,0,"2026-03-23 19:56:00",0,NULL,0,0,0,0,Low
T0000398,C15993,24.58,PayPal,Tablet,USA,Electronics,0,1919,0,"2025-11-14 19:56:00",0,NULL,0,0,0,0,Low
T0000399,C26073,196.78,PayPal,Mobile,India,Groceries,1,1395,1,"2025-07-31 19:56:00",0,NULL,0,0,0,0,Low
T0000400,C11068,14.3,"Credit Card",Tablet,India,Electronics,0,735,1,"2025-07-24 19:56:00",0,NULL,0,0,0,0,Low
T0000401,C03263,108.03,"Credit Card",Mobile,USA,Travel,1,993,0,"2025-06-14 19:56:00",0,23.95,1,0,0,1,Medium
T0000402,C06630,63.53,PayPal,Tablet,Canada,Electronics,0,1187,0,"2025-05-13 19:56:00",0,NULL,0,0,0,0,Low
T0000403,C21450,35.43,PayPal,Mobile,Canada,Luxury,1,1645,0,"2025-10-28 19:56:00",0,NULL,0,0,0,0,Low
T0000404,C22920,66.14,"Credit Card",Tablet,USA,Fashion,1,1709,0,"2026-01-01 19:56:00",0,NULL,0,0,0,0,Low
T0000405,C15625,19.46,"Credit Card",Tablet,UK,Electronics,0,492,0,"2026-03-22 19:56:00",0,NULL,0,0,0,0,Low
T0000406,C22794,244.15,"Apple Pay",Desktop,Australia,Electronics,0,671,0,"2025-11-06 19:56:00",0,NULL,0,0,0,0,Low
T0000407,C07503,2.87,PayPal,Tablet,USA,Groceries,0,659,0,"2025-10-16 19:56:00",0,NULL,0,0,0,0,Low
T0000408,C28869,35.63,"Credit Card",Desktop,UK,Gaming,0,779,0,"2025-11-28 19:56:00",0,113.33,0,0,0,0,Low
T0000409,C18458,38.51,"Debit Card",Desktop,Canada,Travel,0,1587,0,"2026-04-26 19:56:00",0,319.25,0,0,0,0,Low
T0000410,C20188,67.08,"Credit Card",Mobile,USA,Gaming,1,1008,0,"2025-05-14 19:56:00",0,NULL,0,0,0,0,Low
T0000411,C23921,50.06,"Debit Card",Desktop,Canada,Groceries,1,1135,1,"2025-10-16 19:56:00",0,NULL,0,0,0,0,Low
T0000412,C21123,103.64,"Credit Card",Tablet,Germany,Luxury,0,753,0,"2026-03-18 19:56:00",0,NULL,0,0,0,0,Low
T0000413,C28700,124.37,"Apple Pay",Tablet,Germany,Groceries,0,1924,0,"2025-11-27 19:56:00",0,NULL,0,0,0,0,Low
T0000414,C21174,50.51,"Debit Card",Desktop,India,Travel,0,837,0,"2026-04-03 19:56:00",0,NULL,0,0,0,0,Low
T0000415,C20909,8.4,PayPal,Tablet,USA,Fashion,0,785,0,"2025-06-30 19:56:00",0,NULL,0,0,0,0,Low
T0000416,C12676,254.51,"Apple Pay",Desktop,Germany,Electronics,1,390,0,"2025-07-13 19:56:00",0,NULL,0,0,0,0,Low
T0000417,C00547,73.25,"Credit Card",Mobile,Canada,Travel,0,779,0,"2025-07-04 19:56:00",0,NULL,0,0,0,0,Low
T0000418,C16601,54.11,"Credit Card",Desktop,Australia,Luxury,1,1297,1,"2025-12-05 19:56:00",0,NULL,0,0,0,0,Low
T0000419,C17583,104.24,"Credit Card",Desktop,USA,Gaming,0,1510,1,"2025-07-29 19:56:00",0,NULL,0,0,0,0,Low
T0000420,C06659,140.54,PayPal,Desktop,Germany,Luxury,1,455,1,"2026-02-10 19:56:00",0,NULL,0,0,0,0,Low
T0000421,C14336,65.92,"Google Pay",Mobile,USA,Gaming,0,1433,0,"2025-12-29 19:56:00",0,NULL,0,0,0,0,Low
T0000422,C01804,131.2,"Debit Card",Mobile,USA,Travel,0,1312,0,"2025-11-23 19:56:00",0,NULL,0,0,0,0,Low
T0000423,C11361,61.16,PayPal,Mobile,Canada,Luxury,1,1905,1,"2025-08-06 19:56:00",0,NULL,0,0,0,0,Low
T0000424,C29047,175.63,"Google Pay",Desktop,India,Electronics,0,1117,0,"2026-03-01 19:56:00",0,NULL,0,0,0,0,Low
T0000425,C08617,117.25,"Credit Card",Desktop,India,Travel,0,1022,0,"2025-05-01 19:56:00",0,NULL,0,0,0,0,Low
T0000426,C28160,209.89,"Credit Card",Desktop,UK,Gaming,0,1687,1,"2025-07-14 19:56:00",0,NULL,0,0,0,0,Low
T0000427,C22090,15.02,"Credit Card",Tablet,Germany,Electronics,0,370,0,"2026-03-02 19:56:00",0,NULL,0,0,0,0,Low
T0000428,C08014,11.01,"Debit Card",Desktop,India,Electronics,1,1876,0,"2026-04-07 19:56:00",0,NULL,0,0,0,0,Low
T0000429,C18117,209.35,PayPal,Mobile,Canada,Groceries,1,1499,1,"2025-04-30 19:56:00",0,NULL,0,0,0,0,Low
T0000430,C27067,87,"Google Pay",Mobile,Germany,Electronics,1,1134,0,"2026-03-22 19:56:00",0,NULL,0,0,0,0,Low
T0000431,C13138,59.52,"Credit Card",Desktop,Canada,Gaming,1,687,1,"2026-03-26 19:56:00",0,NULL,0,0,0,0,Low
T0000432,C14967,204.09,"Debit Card",Mobile,Canada,Travel,1,1703,1,"2026-04-26 19:56:00",0,NULL,0,0,0,0,Low
T0000433,C12068,153.37,"Apple Pay",Mobile,Australia,Electronics,1,1559,0,"2025-07-02 19:56:00",0,NULL,0,0,0,0,Low
T0000434,C07635,10.13,PayPal,Tablet,Australia,Electronics,1,139,0,"2025-07-27 19:56:00",0,NULL,0,0,0,0,Low
T0000435,C24869,30.37,"Credit Card",Tablet,Australia,Fashion,1,1570,1,"2025-05-29 19:56:00",0,NULL,0,0,0,0,Low
T0000436,C17361,102.73,PayPal,Desktop,USA,Electronics,1,104,1,"2025-12-30 19:56:00",0,NULL,0,0,0,0,Low
T0000437,C01439,80.11,"Credit Card",Tablet,Canada,Gaming,1,1469,1,"2026-01-02 19:56:00",0,NULL,0,0,0,0,Low
T0000438,C03132,83.8,"Google Pay",Tablet,India,Gaming,0,1150,0,"2025-08-15 19:56:00",0,NULL,0,0,0,0,Low
T0000439,C02041,15.58,"Apple Pay",Mobile,Canada,Luxury,0,1112,0,"2025-09-20 19:56:00",0,NULL,0,0,0,0,Low
T0000440,C27260,395.99,"Credit Card",Desktop,Canada,Fashion,1,1686,1,"2025-11-14 19:56:00",0,NULL,0,0,0,0,Low
T0000441,C04461,330.71,PayPal,Mobile,USA,Travel,0,456,0,"2025-07-05 19:56:00",0,NULL,0,0,0,0,Low
T0000442,C03957,122.87,"Credit Card",Mobile,India,Electronics,1,1093,1,"2025-07-30 19:56:00",0,NULL,0,0,0,0,Low
T0000443,C05165,54.46,"Debit Card",Tablet,Australia,Groceries,1,787,0,"2025-05-14 19:56:00",0,NULL,0,0,0,0,Low
T0000444,C04861,28.55,PayPal,Desktop,India,Groceries,0,1960,0,"2026-03-15 19:56:00",0,NULL,0,0,0,0,Low
T0000445,C26873,142.51,"Credit Card",Desktop,India,Travel,0,1132,0,"2026-01-31 19:56:00",0,NULL,0,0,0,0,Low
T0000446,C03340,9.31,"Apple Pay",Mobile,USA,Groceries,0,272,0,"2026-02-18 19:56:00",0,NULL,0,0,0,0,Low
T0000447,C22489,141.38,"Credit Card",Tablet,Germany,Electronics,0,1648,1,"2025-06-12 19:56:00",0,NULL,0,0,0,0,Low
T0000448,C02113,31.19,"Apple Pay",Mobile,USA,Electronics,1,1254,1,"2026-01-19 19:56:00",0,NULL,0,0,0,0,Low
T0000449,C05505,117.35,"Credit Card",Tablet,India,Travel,1,1096,1,"2025-07-11 19:56:00",0,NULL,0,0,0,0,Low
T0000450,C22388,188.48,PayPal,Desktop,UK,Groceries,0,528,0,"2025-09-24 19:56:00",0,NULL,0,0,0,0,Low
T0000451,C14615,89.46,PayPal,Tablet,Germany,Travel,0,607,0,"2026-02-13 19:56:00",0,NULL,0,0,0,0,Low
T0000452,C13501,398.32,"Apple Pay",Mobile,USA,Fashion,1,414,1,"2025-07-23 19:56:00",0,NULL,0,0,0,0,Low
T0000453,C21059,2.33,"Apple Pay",Tablet,Germany,Luxury,0,1921,0,"2025-08-04 19:56:00",0,NULL,0,0,0,0,Low
T0000454,C11768,91.97,"Apple Pay",Desktop,Germany,Groceries,1,251,1,"2025-08-28 19:56:00",0,NULL,0,0,0,0,Low
T0000455,C05893,119.08,PayPal,Tablet,UK,Electronics,1,681,0,"2026-04-17 19:56:00",0,NULL,0,0,0,0,Low
T0000456,C26498,80.3,"Credit Card",Tablet,UK,Fashion,1,712,0,"2025-09-01 19:56:00",0,NULL,0,0,0,0,Low
T0000457,C21525,83.02,"Debit Card",Tablet,Australia,Gaming,1,555,0,"2025-12-28 19:56:00",0,NULL,0,0,0,0,Low
T0000458,C27739,47.11,PayPal,Mobile,UK,Gaming,1,1778,1,"2025-10-14 19:56:00",0,NULL,0,0,0,0,Low
T0000459,C00925,114.26,"Google Pay",Tablet,Germany,Fashion,1,563,1,"2025-05-05 19:56:00",0,NULL,0,0,0,0,Low
T0000460,C27417,267.17,"Debit Card",Mobile,India,Gaming,1,434,1,"2025-08-21 19:56:00",0,395.48,0,0,0,0,Low
T0000461,C07170,139.82,PayPal,Mobile,Canada,Luxury,1,1043,1,"2026-04-20 19:56:00",0,NULL,0,0,0,0,Low
T0000462,C05816,319.66,"Google Pay",Mobile,UK,Groceries,0,724,1,"2025-11-16 19:56:00",0,NULL,0,0,0,0,Low
T0000463,C02377,82.09,PayPal,Tablet,USA,Groceries,1,88,0,"2025-10-21 19:56:00",0,NULL,0,0,0,0,Low
T0000464,C04472,264.21,"Debit Card",Tablet,India,Luxury,1,590,1,"2026-02-09 19:56:00",0,64.46,1,0,0,1,Medium
T0000465,C18415,160.47,PayPal,Mobile,Australia,Fashion,1,1233,0,"2025-05-10 19:56:00",0,NULL,0,0,0,0,Low
T0000466,C05824,10.63,"Google Pay",Tablet,USA,Groceries,1,417,1,"2026-04-30 19:56:00",0,NULL,0,0,0,0,Low
T0000467,C26503,13.36,"Apple Pay",Tablet,Germany,Fashion,0,241,0,"2025-06-21 19:56:00",0,NULL,0,0,0,0,Low
T0000468,C10852,52.3,"Credit Card",Desktop,Canada,Luxury,0,408,0,"2026-03-22 19:56:00",0,NULL,0,0,0,0,Low
T0000469,C21956,342.33,"Debit Card",Desktop,USA,Fashion,1,451,1,"2025-06-07 19:56:00",0,NULL,0,0,0,0,Low
T0000470,C22714,12.43,"Credit Card",Desktop,USA,Travel,1,1583,1,"2026-03-27 19:56:00",0,NULL,0,0,0,0,Low
T0000471,C14360,10.35,PayPal,Desktop,India,Gaming,0,338,0,"2025-09-28 19:56:00",0,NULL,0,0,0,0,Low
T0000472,C12300,57.74,"Debit Card",Tablet,Australia,Travel,1,1415,1,"2026-03-10 19:56:00",0,NULL,0,0,0,0,Low
T0000473,C02416,36.25,"Credit Card",Mobile,Canada,Groceries,1,128,1,"2026-04-13 19:56:00",0,NULL,0,0,0,0,Low
T0000474,C05575,5.14,PayPal,Tablet,USA,Gaming,0,661,0,"2025-10-20 19:56:00",0,NULL,0,0,0,0,Low
T0000475,C20108,77.17,"Google Pay",Desktop,Australia,Travel,0,169,0,"2025-08-26 19:56:00",0,NULL,0,0,0,0,Low
T0000476,C05148,165.43,"Apple Pay",Desktop,UK,Luxury,0,792,1,"2026-04-03 19:56:00",0,NULL,0,0,0,0,Low
T0000477,C18158,14.09,"Debit Card",Tablet,Canada,Electronics,1,497,0,"2025-07-28 19:56:00",0,NULL,0,0,0,0,Low
T0000478,C01627,67.89,"Credit Card",Mobile,USA,Groceries,1,799,1,"2025-10-11 19:56:00",0,NULL,0,0,0,0,Low
T0000479,C26998,38.39,PayPal,Mobile,USA,Electronics,1,695,0,"2025-05-27 19:56:00",0,NULL,0,0,0,0,Low
T0000480,C15518,1.54,PayPal,Desktop,India,Electronics,1,789,0,"2026-03-02 19:56:00",0,NULL,0,0,0,0,Low
T0000481,C21033,301.49,"Apple Pay",Mobile,Canada,Electronics,1,1671,1,"2025-07-26 19:56:00",0,NULL,0,0,0,0,Low
T0000482,C08628,221.42,"Google Pay",Desktop,UK,Electronics,1,1769,1,"2025-09-17 19:56:00",0,NULL,0,0,0,0,Low
T0000483,C04953,23.44,"Apple Pay",Mobile,Australia,Gaming,0,543,0,"2025-05-09 19:56:00",0,NULL,0,0,0,0,Low
T0000484,C07456,93.07,"Google Pay",Desktop,Germany,Luxury,0,222,1,"2025-07-21 19:56:00",0,NULL,0,0,0,0,Low
T0000485,C28407,155.35,"Apple Pay",Desktop,Canada,Luxury,0,1440,0,"2025-08-30 19:56:00",0,NULL,0,0,0,0,Low
T0000486,C01138,220.44,"Debit Card",Mobile,India,Fashion,0,1734,1,"2025-08-16 19:56:00",0,NULL,0,0,0,0,Low
T0000487,C26492,163.24,"Apple Pay",Mobile,India,Fashion,0,32,0,"2026-01-22 19:56:00",0,NULL,0,0,0,0,Low
T0000488,C26954,140.11,"Credit Card",Tablet,Canada,Electronics,0,1161,0,"2025-06-13 19:56:00",0,10.42,1,0,0,1,Medium
T0000489,C12718,68.26,"Google Pay",Tablet,Canada,Travel,1,1909,0,"2025-07-20 19:56:00",0,NULL,0,0,0,0,Low
T0000490,C28622,155.56,"Google Pay",Mobile,India,Gaming,1,1257,1,"2026-04-24 19:56:00",0,NULL,0,0,0,0,Low
T0000491,C24851,254.25,"Google Pay",Tablet,USA,Groceries,0,1438,1,"2026-03-10 19:56:00",0,NULL,0,0,0,0,Low
T0000492,C28767,158.49,"Google Pay",Desktop,Australia,Gaming,1,946,1,"2025-10-02 19:56:00",0,NULL,0,0,0,0,Low
T0000493,C15501,56.45,"Google Pay",Desktop,India,Gaming,0,611,0,"2026-04-11 19:56:00",0,NULL,0,0,0,0,Low
T0000494,C22309,219.88,"Credit Card",Mobile,India,Luxury,1,1451,1,"2025-05-10 19:56:00",0,NULL,0,0,0,0,Low
T0000495,C15572,170.59,"Apple Pay",Mobile,Canada,Luxury,1,1768,1,"2025-12-14 19:56:00",0,NULL,0,0,0,0,Low
T0000496,C22442,43.77,PayPal,Mobile,Canada,Groceries,0,141,0,"2026-03-11 19:56:00",0,NULL,0,0,0,0,Low
T0000497,C23882,58.41,"Apple Pay",Mobile,India,Luxury,0,1187,0,"2025-09-29 19:56:00",0,NULL,0,0,0,0,Low
T0000498,C15875,59.62,"Google Pay",Mobile,Germany,Travel,1,211,1,"2025-08-09 19:56:00",0,NULL,0,0,0,0,Low
T0000499,C04445,115.98,"Debit Card",Mobile,UK,Electronics,0,1053,1,"2025-08-05 19:56:00",0,NULL,0,0,0,0,Low
T0000500,C14957,61.77,PayPal,Tablet,UK,Travel,1,1761,1,"2026-04-05 19:56:00",0,NULL,0,0,0,0,Low
T0000501,C16552,13.2,PayPal,Tablet,USA,Travel,0,1921,0,"2025-10-09 19:56:00",0,NULL,0,0,0,0,Low
T0000502,C19466,111.01,PayPal,Desktop,Germany,Fashion,0,168,0,"2025-09-14 19:56:00",0,NULL,0,0,0,0,Low
T0000503,C27449,2.78,"Credit Card",Desktop,USA,Fashion,0,415,0,"2025-12-19 19:56:00",0,NULL,0,0,0,0,Low
T0000504,C27979,142.66,PayPal,Mobile,Australia,Luxury,0,936,0,"2025-07-12 19:56:00",0,NULL,0,0,0,0,Low
T0000505,C13419,209.25,"Debit Card",Tablet,USA,Luxury,0,1383,1,"2025-08-11 19:56:00",0,212.68,0,0,0,0,Low
T0000506,C05676,47.73,PayPal,Mobile,Canada,Travel,0,1146,1,"2025-06-27 19:56:00",0,NULL,0,0,0,0,Low
T0000507,C29344,109.42,"Apple Pay",Desktop,Canada,Groceries,1,1029,0,"2025-10-20 19:56:00",0,NULL,0,0,0,0,Low
T0000508,C22191,42.71,"Google Pay",Tablet,USA,Luxury,1,669,0,"2025-08-07 19:56:00",0,NULL,0,0,0,0,Low
T0000509,C27633,184.82,"Apple Pay",Desktop,Australia,Electronics,1,84,1,"2025-10-21 19:56:00",0,NULL,0,0,0,0,Low
T0000510,C11020,161.64,"Debit Card",Desktop,Canada,Fashion,1,509,1,"2025-12-10 19:56:00",0,NULL,0,0,0,0,Low
T0000511,C16951,53.97,"Debit Card",Tablet,India,Luxury,0,1658,0,"2025-12-28 19:56:00",0,NULL,0,0,0,0,Low
T0000512,C00835,105.77,"Apple Pay",Desktop,Canada,Travel,1,1910,0,"2025-05-30 19:56:00",0,NULL,0,0,0,0,Low
T0000513,C24142,183.11,"Google Pay",Desktop,Australia,Luxury,0,590,0,"2026-04-12 19:56:00",0,NULL,0,0,0,0,Low
T0000514,C25720,221.37,"Google Pay",Tablet,Canada,Fashion,1,1107,1,"2025-08-30 19:56:00",0,NULL,0,0,0,0,Low
T0000515,C09627,332.43,"Google Pay",Mobile,Australia,Fashion,1,647,1,"2026-03-12 19:56:00",0,NULL,0,0,0,0,Low
T0000516,C22273,156.21,PayPal,Mobile,Canada,Travel,0,621,0,"2025-11-10 19:56:00",0,NULL,0,0,0,0,Low
T0000517,C25825,174.04,"Apple Pay",Desktop,Germany,Electronics,1,197,1,"2025-11-12 19:56:00",0,NULL,0,0,0,0,Low
T0000518,C15419,61.07,"Apple Pay",Desktop,UK,Gaming,0,734,0,"2026-04-03 19:56:00",0,NULL,0,0,0,0,Low
T0000519,C09777,8.57,"Google Pay",Mobile,UK,Travel,0,912,0,"2025-10-01 19:56:00",0,NULL,0,0,0,0,Low
T0000520,C04694,34.04,"Debit Card",Mobile,India,Groceries,0,1881,1,"2025-11-20 19:56:00",0,NULL,0,0,0,0,Low
T0000521,C20792,55.67,"Debit Card",Desktop,Canada,Gaming,0,850,0,"2026-04-01 19:56:00",0,NULL,0,0,0,0,Low
T0000522,C25051,80.23,"Apple Pay",Mobile,UK,Travel,1,259,1,"2026-02-08 19:56:00",0,NULL,0,0,0,0,Low
T0000523,C15644,99.06,"Credit Card",Mobile,Germany,Groceries,0,1552,0,"2025-10-16 19:56:00",0,NULL,0,0,0,0,Low
T0000524,C24801,10.85,"Debit Card",Mobile,Australia,Fashion,0,1181,0,"2025-08-02 19:56:00",0,NULL,0,0,0,0,Low
T0000525,C22726,16.43,PayPal,Mobile,USA,Fashion,1,501,1,"2025-11-05 19:56:00",0,NULL,0,0,0,0,Low
T0000526,C02140,185.98,"Apple Pay",Desktop,India,Luxury,1,30,1,"2026-04-07 19:56:00",0,NULL,0,0,0,0,Low
T0000527,C04385,35.57,"Apple Pay",Desktop,UK,Electronics,1,993,0,"2025-11-06 19:56:00",0,NULL,0,0,0,0,Low
T0000528,C07485,49.55,"Debit Card",Mobile,Australia,Electronics,0,454,0,"2026-01-06 19:56:00",0,NULL,0,0,0,0,Low
T0000529,C12013,14.54,"Google Pay",Desktop,Australia,Gaming,0,1026,0,"2025-05-01 19:56:00",0,NULL,0,0,0,0,Low
T0000530,C01593,228.15,"Credit Card",Tablet,USA,Luxury,0,582,0,"2025-06-30 19:56:00",1,44.08,1,0,0,1,Medium
T0000531,C03795,236.05,"Apple Pay",Desktop,USA,Luxury,1,538,1,"2025-09-29 19:56:00",0,NULL,0,0,0,0,Low
T0000532,C05018,113.89,"Google Pay",Desktop,India,Groceries,0,851,0,"2026-01-15 19:56:00",0,NULL,0,0,0,0,Low
T0000533,C20408,21.75,PayPal,Desktop,USA,Electronics,0,1099,0,"2025-06-24 19:56:00",0,NULL,0,0,0,0,Low
T0000534,C25716,12.32,"Google Pay",Mobile,Germany,Fashion,1,353,1,"2026-03-07 19:56:00",0,NULL,0,0,0,0,Low
T0000535,C11729,185.56,"Google Pay",Desktop,UK,Travel,1,620,0,"2025-05-05 19:56:00",0,NULL,0,0,0,0,Low
T0000536,C29831,6.4,"Credit Card",Desktop,UK,Luxury,1,541,0,"2026-01-14 19:56:00",0,NULL,0,0,0,0,Low
T0000537,C02917,94.45,"Credit Card",Mobile,USA,Groceries,1,88,1,"2026-03-05 19:56:00",0,NULL,0,0,0,0,Low
T0000538,C21114,254.01,"Credit Card",Desktop,Canada,Electronics,1,1010,1,"2026-01-02 19:56:00",0,NULL,0,0,0,0,Low
T0000539,C26647,98.57,"Apple Pay",Desktop,Canada,Luxury,0,1954,1,"2026-01-31 19:56:00",0,182.34,0,0,0,0,Low
T0000540,C03798,11.87,"Apple Pay",Mobile,UK,Gaming,0,1587,0,"2026-03-13 19:56:00",0,NULL,0,0,0,0,Low
T0000541,C08792,82.65,"Apple Pay",Desktop,UK,Travel,1,388,0,"2026-03-14 19:56:00",0,NULL,0,0,0,0,Low
T0000542,C14960,57.45,"Debit Card",Tablet,India,Electronics,1,513,1,"2025-12-12 19:56:00",0,NULL,0,0,0,0,Low
T0000543,C04343,24.8,"Apple Pay",Mobile,USA,Gaming,0,1330,1,"2025-05-09 19:56:00",0,NULL,0,0,0,0,Low
T0000544,C22230,103.41,"Google Pay",Tablet,India,Electronics,0,568,0,"2025-09-18 19:56:00",0,NULL,0,0,0,0,Low
T0000545,C28265,26.15,"Apple Pay",Desktop,India,Travel,0,837,0,"2025-05-15 19:56:00",0,NULL,0,0,0,0,Low
T0000546,C01507,142.85,"Google Pay",Tablet,Canada,Luxury,1,886,1,"2026-03-29 19:56:00",0,NULL,0,0,0,0,Low
T0000547,C18896,283.92,"Apple Pay",Tablet,Canada,Luxury,0,229,0,"2025-07-15 19:56:00",0,NULL,0,0,0,0,Low
T0000548,C23811,27.08,"Debit Card",Desktop,Australia,Gaming,1,697,1,"2025-12-24 19:56:00",0,NULL,0,0,0,0,Low
T0000549,C29232,19.8,"Apple Pay",Mobile,Australia,Travel,0,553,0,"2025-06-21 19:56:00",0,NULL,0,0,0,0,Low
T0000550,C28490,15.02,PayPal,Desktop,Canada,Groceries,0,584,0,"2026-02-05 19:56:00",0,NULL,0,0,0,0,Low
T0000551,C01650,79.71,"Apple Pay",Tablet,Australia,Fashion,0,1195,0,"2025-08-14 19:56:00",0,NULL,0,0,0,0,Low
T0000552,C02584,21.78,"Apple Pay",Tablet,India,Travel,1,256,0,"2025-09-07 19:56:00",0,NULL,0,0,0,0,Low
T0000553,C10357,16.69,"Credit Card",Tablet,Australia,Travel,1,205,0,"2026-03-01 19:56:00",0,NULL,0,0,0,0,Low
T0000554,C13512,152.48,"Google Pay",Mobile,Germany,Fashion,0,236,1,"2026-04-12 19:56:00",0,NULL,0,0,0,0,Low
T0000555,C21450,24.9,"Debit Card",Desktop,Canada,Travel,1,655,1,"2025-05-22 19:56:00",0,NULL,0,0,0,0,Low
T0000556,C10879,148.65,"Apple Pay",Tablet,Australia,Electronics,1,952,1,"2025-07-18 19:56:00",0,NULL,0,0,0,0,Low
T0000557,C03193,126.55,PayPal,Mobile,Canada,Gaming,0,991,1,"2025-05-28 19:56:00",0,NULL,0,0,0,0,Low
T0000558,C17105,211.41,"Apple Pay",Mobile,UK,Electronics,0,165,1,"2025-10-21 19:56:00",0,NULL,0,0,0,0,Low
T0000559,C08333,209.83,"Debit Card",Mobile,USA,Luxury,0,1725,1,"2025-06-22 19:56:00",0,NULL,0,0,0,0,Low
T0000560,C11074,282.92,"Apple Pay",Mobile,Australia,Travel,1,1108,1,"2026-03-06 19:56:00",0,NULL,0,0,0,0,Low
T0000561,C21577,126.37,"Google Pay",Desktop,USA,Travel,0,1684,0,"2025-07-03 19:56:00",0,NULL,0,0,0,0,Low
T0000562,C27487,222.75,"Debit Card",Tablet,UK,Electronics,1,902,1,"2025-07-05 19:56:00",0,NULL,0,0,0,0,Low
T0000563,C12695,135.31,"Google Pay",Tablet,India,Luxury,1,1080,1,"2025-05-29 19:56:00",0,NULL,0,0,0,0,Low
T0000564,C24982,23.07,"Apple Pay",Desktop,Canada,Fashion,1,977,1,"2025-12-24 19:56:00",0,NULL,0,0,0,0,Low
T0000565,C04528,9.05,"Google Pay",Tablet,Germany,Luxury,1,1848,0,"2025-10-01 19:56:00",0,NULL,0,0,0,0,Low
T0000566,C07122,43.71,PayPal,Tablet,Australia,Luxury,0,958,0,"2026-01-18 19:56:00",0,NULL,0,0,0,0,Low
T0000567,C04348,127.07,"Credit Card",Tablet,Germany,Groceries,0,560,0,"2025-05-02 19:56:00",0,NULL,0,0,0,0,Low
T0000568,C18425,197.65,"Apple Pay",Tablet,Australia,Electronics,1,1148,1,"2025-08-28 19:56:00",0,NULL,0,0,0,0,Low
T0000569,C17129,285.27,"Credit Card",Desktop,UK,Fashion,0,1636,1,"2026-03-07 19:56:00",0,NULL,0,0,0,0,Low
T0000570,C08749,59.27,"Credit Card",Tablet,Canada,Luxury,1,510,1,"2026-02-07 19:56:00",0,NULL,0,0,0,0,Low
T0000571,C25702,94.93,"Apple Pay",Tablet,USA,Electronics,0,605,0,"2025-11-30 19:56:00",0,267.15,0,0,0,0,Low
T0000572,C20189,2.18,"Debit Card",Tablet,Australia,Gaming,0,623,0,"2025-05-20 19:56:00",0,NULL,0,0,0,0,Low
T0000573,C25701,39.43,"Apple Pay",Tablet,Australia,Travel,1,908,0,"2025-05-09 19:56:00",0,NULL,0,0,0,0,Low
T0000574,C13651,168.27,PayPal,Tablet,USA,Fashion,1,1360,1,"2025-05-15 19:56:00",0,NULL,0,0,0,0,Low
T0000575,C20335,116.54,"Google Pay",Tablet,Australia,Gaming,0,1541,0,"2025-09-16 19:56:00",0,NULL,0,0,0,0,Low
T0000576,C24198,120.97,"Apple Pay",Tablet,UK,Fashion,0,1862,1,"2025-06-26 19:56:00",0,NULL,0,0,0,0,Low
T0000577,C22370,8.49,"Apple Pay",Mobile,Australia,Groceries,0,1409,0,"2026-03-23 19:56:00",0,NULL,0,0,0,0,Low
T0000578,C18239,40.06,"Apple Pay",Mobile,Germany,Luxury,0,1010,1,"2025-12-16 19:56:00",0,NULL,0,0,0,0,Low
T0000579,C05073,42.79,"Google Pay",Desktop,Germany,Luxury,0,77,0,"2026-04-10 19:56:00",0,NULL,0,0,0,0,Low
T0000580,C09869,251.7,"Debit Card",Mobile,Australia,Gaming,1,1665,0,"2025-08-22 19:56:00",0,NULL,0,0,0,0,Low
T0000581,C02235,24.6,"Credit Card",Desktop,Germany,Groceries,0,441,0,"2025-08-15 19:56:00",0,NULL,0,0,0,0,Low
T0000582,C07249,4.23,"Debit Card",Desktop,Canada,Gaming,1,1502,1,"2026-01-11 19:56:00",0,NULL,0,0,0,0,Low
T0000583,C17384,88.44,"Google Pay",Mobile,Australia,Gaming,0,1996,0,"2025-08-30 19:56:00",0,NULL,0,0,0,0,Low
T0000584,C07990,80.42,PayPal,Desktop,USA,Gaming,1,1938,1,"2026-04-10 19:56:00",0,NULL,0,0,0,0,Low
T0000585,C23724,132.75,"Apple Pay",Tablet,Canada,Electronics,0,1041,0,"2025-12-07 19:56:00",0,NULL,0,0,0,0,Low
T0000586,C09714,87.44,"Credit Card",Desktop,Germany,Fashion,0,183,0,"2025-06-01 19:56:00",0,NULL,0,0,0,0,Low
T0000587,C25341,178.4,"Debit Card",Tablet,USA,Luxury,0,614,1,"2025-07-29 19:56:00",0,NULL,0,0,0,0,Low
T0000588,C13901,22.44,"Credit Card",Tablet,Australia,Luxury,0,514,0,"2026-03-08 19:56:00",0,NULL,0,0,0,0,Low
T0000589,C22481,145.53,"Credit Card",Desktop,Australia,Electronics,0,549,0,"2026-02-11 19:56:00",0,NULL,0,0,0,0,Low
T0000590,C02401,32.02,"Google Pay",Desktop,Germany,Fashion,0,203,0,"2026-04-03 19:56:00",0,NULL,0,0,0,0,Low
T0000591,C29852,38.02,"Apple Pay",Desktop,India,Groceries,1,1617,1,"2025-12-19 19:56:00",0,NULL,0,0,0,0,Low
T0000592,C00554,120.65,"Google Pay",Tablet,USA,Electronics,0,1946,0,"2025-10-13 19:56:00",0,NULL,0,0,0,0,Low
T0000593,C22967,4.87,PayPal,Tablet,USA,Gaming,1,1413,1,"2026-03-24 19:56:00",0,5.47,0,0,0,0,Low
T0000594,C02835,76.1,"Apple Pay",Desktop,India,Fashion,1,876,0,"2025-12-07 19:56:00",0,NULL,0,0,0,0,Low
T0000595,C17481,26.19,"Debit Card",Tablet,India,Groceries,0,1857,0,"2026-01-08 19:56:00",0,NULL,0,0,0,0,Low
T0000596,C22194,107.25,"Credit Card",Mobile,Germany,Gaming,1,1223,1,"2025-06-03 19:56:00",0,NULL,0,0,0,0,Low
T0000597,C19552,215,"Debit Card",Desktop,UK,Travel,0,1840,1,"2025-10-11 19:56:00",0,NULL,0,0,0,0,Low
T0000598,C29676,194.69,PayPal,Mobile,UK,Fashion,0,1396,0,"2025-06-04 19:56:00",0,NULL,0,0,0,0,Low
T0000599,C03756,5.45,PayPal,Tablet,India,Luxury,0,826,0,"2026-01-28 19:56:00",0,83.98,0,0,0,0,Low
T0000600,C02208,115.19,PayPal,Mobile,Australia,Fashion,0,1968,0,"2025-12-23 19:56:00",0,NULL,0,0,0,0,Low
T0000601,C21998,102.62,PayPal,Mobile,Canada,Travel,0,1527,0,"2025-05-30 19:56:00",0,NULL,0,0,0,0,Low
T0000602,C14767,592.32,"Google Pay",Tablet,Germany,Gaming,1,10,1,"2025-11-13 19:56:00",0,NULL,0,0,0,0,Low
T0000603,C11944,59.29,"Debit Card",Mobile,USA,Luxury,1,1142,1,"2025-11-20 19:56:00",0,NULL,0,0,0,0,Low
T0000604,C24243,112.35,PayPal,Desktop,Canada,Travel,1,1283,0,"2025-06-06 19:56:00",0,NULL,0,0,0,0,Low
T0000605,C15167,153.35,"Debit Card",Desktop,India,Luxury,1,440,1,"2025-09-14 19:56:00",0,NULL,0,0,0,0,Low
T0000606,C19878,7.36,"Credit Card",Mobile,Germany,Luxury,1,1357,0,"2026-03-20 19:56:00",0,NULL,0,0,0,0,Low
T0000607,C02471,58.11,"Google Pay",Tablet,Germany,Fashion,0,1784,0,"2026-04-21 19:56:00",0,NULL,0,0,0,0,Low
T0000608,C29698,65.15,"Debit Card",Tablet,Germany,Groceries,1,1411,1,"2026-04-12 19:56:00",0,NULL,0,0,0,0,Low
T0000609,C12862,46.47,"Google Pay",Mobile,India,Electronics,1,114,1,"2026-01-06 19:56:00",0,NULL,0,0,0,0,Low
T0000610,C21715,124.77,"Debit Card",Tablet,UK,Fashion,0,919,0,"2025-12-29 19:56:00",0,NULL,0,0,0,0,Low
T0000611,C18559,121.3,PayPal,Tablet,Australia,Electronics,0,780,1,"2025-07-15 19:56:00",0,NULL,0,0,0,0,Low
T0000612,C07171,154.47,"Debit Card",Mobile,Canada,Gaming,0,1711,1,"2025-08-24 19:56:00",0,NULL,0,0,0,0,Low
T0000613,C29745,211.94,"Credit Card",Desktop,India,Luxury,1,1970,1,"2025-10-28 19:56:00",0,NULL,0,0,0,0,Low
T0000614,C10620,65.79,"Apple Pay",Tablet,Canada,Luxury,1,995,0,"2026-03-09 19:56:00",0,NULL,0,0,0,0,Low
T0000615,C12404,289.13,"Debit Card",Tablet,Canada,Gaming,0,1312,1,"2025-10-25 19:56:00",0,NULL,0,0,0,0,Low
T0000616,C13299,203.61,"Google Pay",Desktop,India,Fashion,1,1691,0,"2025-11-01 19:56:00",0,NULL,0,0,0,0,Low
T0000617,C14415,62.08,"Debit Card",Mobile,Germany,Fashion,0,1667,1,"2026-02-05 19:56:00",0,NULL,0,0,0,0,Low
T0000618,C11870,107.08,PayPal,Tablet,UK,Luxury,0,204,1,"2025-06-26 19:56:00",0,NULL,0,0,0,0,Low
T0000619,C03714,233.86,"Apple Pay",Desktop,UK,Electronics,1,569,1,"2025-08-27 19:56:00",0,NULL,0,0,0,0,Low
T0000620,C07985,1.49,"Debit Card",Tablet,Germany,Luxury,0,1413,0,"2026-04-08 19:56:00",0,11.67,0,0,0,0,Low
T0000621,C16799,139.93,"Google Pay",Mobile,UK,Travel,0,942,1,"2026-04-10 19:56:00",0,NULL,0,0,0,0,Low
T0000622,C19640,124.53,"Credit Card",Tablet,Australia,Fashion,0,568,0,"2025-07-16 19:56:00",0,NULL,0,0,0,0,Low
T0000623,C14720,20.13,"Apple Pay",Desktop,UK,Gaming,1,1452,1,"2025-06-24 19:56:00",0,NULL,0,0,0,0,Low
T0000624,C04677,49.97,"Debit Card",Tablet,Australia,Luxury,0,890,0,"2025-07-06 19:56:00",0,NULL,0,0,0,0,Low
T0000625,C22466,135.66,"Debit Card",Tablet,Germany,Travel,1,1473,0,"2025-11-06 19:56:00",0,NULL,0,0,0,0,Low
T0000626,C12631,531.1,"Google Pay",Mobile,UK,Electronics,0,1910,1,"2026-02-22 19:56:00",0,NULL,0,0,0,0,Low
T0000627,C05814,429.17,"Credit Card",Tablet,Germany,Travel,0,1612,1,"2025-08-30 19:56:00",0,NULL,0,0,0,0,Low
T0000628,C21607,398.97,"Google Pay",Tablet,Australia,Travel,0,457,1,"2026-02-23 19:56:00",0,NULL,0,0,0,0,Low
T0000629,C12137,64.16,"Google Pay",Mobile,India,Electronics,1,134,1,"2026-04-08 19:56:00",0,NULL,0,0,0,0,Low
T0000630,C13943,73.61,PayPal,Desktop,UK,Gaming,1,134,1,"2026-02-21 19:56:00",0,NULL,0,0,0,0,Low
T0000631,C28730,55.52,"Credit Card",Desktop,UK,Gaming,1,795,1,"2025-07-26 19:56:00",0,NULL,0,0,0,0,Low
T0000632,C17123,210.33,PayPal,Desktop,Australia,Travel,0,440,0,"2026-03-01 19:56:00",0,NULL,0,0,0,0,Low
T0000633,C11871,19.73,PayPal,Desktop,Australia,Gaming,0,1102,0,"2026-03-07 19:56:00",0,NULL,0,0,0,0,Low
T0000634,C13880,20.09,"Debit Card",Tablet,Canada,Travel,1,1887,1,"2025-07-15 19:56:00",0,7.29,1,0,0,1,Medium
T0000635,C18092,34.03,PayPal,Mobile,Canada,Gaming,1,1387,1,"2025-07-19 19:56:00",0,116.09,0,0,0,0,Low
T0000636,C11284,36.02,"Debit Card",Tablet,UK,Travel,1,951,0,"2025-05-04 19:56:00",0,NULL,0,0,0,0,Low
T0000637,C25661,135.76,"Google Pay",Mobile,UK,Gaming,0,1532,1,"2025-05-07 19:56:00",0,NULL,0,0,0,0,Low
T0000638,C22842,21.67,"Debit Card",Mobile,India,Travel,0,1144,0,"2025-05-15 19:56:00",0,NULL,0,0,0,0,Low
T0000639,C19669,203.63,"Google Pay",Mobile,Canada,Electronics,0,1132,0,"2025-09-20 19:56:00",0,NULL,0,0,0,0,Low
T0000640,C23741,254.75,"Google Pay",Tablet,Australia,Electronics,1,796,1,"2025-10-16 19:56:00",0,NULL,0,0,0,0,Low
T0000641,C25350,26.97,"Google Pay",Desktop,USA,Groceries,1,666,0,"2026-01-31 19:56:00",0,NULL,0,0,0,0,Low
T0000642,C06382,148.91,PayPal,Tablet,UK,Fashion,0,1150,0,"2026-04-13 19:56:00",0,NULL,0,0,0,0,Low
T0000643,C21464,109.69,"Apple Pay",Mobile,Canada,Travel,0,255,0,"2026-04-30 19:56:00",0,NULL,0,0,0,0,Low
T0000644,C19205,16.8,"Credit Card",Tablet,Australia,Gaming,0,986,0,"2026-01-18 19:56:00",0,NULL,0,0,0,0,Low
T0000645,C09323,137.02,"Google Pay",Desktop,Canada,Fashion,1,1615,1,"2025-07-18 19:56:00",0,29.81,1,0,0,1,Medium
T0000646,C14902,19.33,"Google Pay",Desktop,UK,Electronics,0,1781,0,"2025-10-06 19:56:00",0,NULL,0,0,0,0,Low
T0000647,C18306,168.59,"Google Pay",Desktop,USA,Gaming,1,1261,1,"2026-03-24 19:56:00",0,NULL,0,0,0,0,Low
T0000648,C08197,40.39,"Debit Card",Desktop,Germany,Groceries,1,724,1,"2025-05-10 19:56:00",0,NULL,0,0,0,0,Low
T0000649,C25415,301.2,"Credit Card",Tablet,USA,Groceries,1,1982,1,"2025-09-08 19:56:00",0,NULL,0,0,0,0,Low
T0000650,C02214,473.96,PayPal,Tablet,Australia,Travel,0,912,0,"2025-10-17 19:56:00",0,NULL,0,0,0,0,Low
T0000651,C11571,374.96,PayPal,Tablet,Canada,Electronics,0,1882,1,"2025-08-09 19:56:00",0,NULL,0,0,0,0,Low
T0000652,C13073,122.66,PayPal,Mobile,Germany,Fashion,1,1608,0,"2025-05-21 19:56:00",0,NULL,0,0,0,0,Low
T0000653,C29305,257.95,"Debit Card",Mobile,Australia,Fashion,1,296,1,"2025-07-11 19:56:00",0,NULL,0,0,0,0,Low
T0000654,C24099,158.92,"Google Pay",Mobile,UK,Groceries,1,1759,1,"2025-12-28 19:56:00",0,NULL,0,0,0,0,Low
T0000655,C05112,153.92,"Google Pay",Mobile,Australia,Electronics,0,1237,0,"2026-03-07 19:56:00",0,NULL,0,0,0,0,Low
T0000656,C27788,195.82,"Google Pay",Tablet,Canada,Groceries,1,1767,0,"2025-08-27 19:56:00",0,NULL,0,0,0,0,Low
T0000657,C16083,1.07,"Credit Card",Desktop,UK,Gaming,1,122,0,"2026-01-27 19:56:00",0,NULL,0,0,0,0,Low
T0000658,C26191,11.29,"Apple Pay",Tablet,USA,Luxury,1,1325,1,"2025-09-26 19:56:00",0,NULL,0,0,0,0,Low
T0000659,C25425,215.6,"Credit Card",Mobile,Australia,Electronics,1,1777,1,"2026-01-31 19:56:00",0,NULL,0,0,0,0,Low
T0000660,C22090,331.93,PayPal,Tablet,USA,Gaming,1,1709,1,"2026-01-13 19:56:00",0,NULL,0,0,0,0,Low
T0000661,C28241,144.49,PayPal,Tablet,Canada,Travel,0,951,0,"2025-12-19 19:56:00",0,NULL,0,0,0,0,Low
T0000662,C20090,39.48,PayPal,Mobile,India,Groceries,1,1388,1,"2025-11-06 19:56:00",0,NULL,0,0,0,0,Low
T0000663,C27995,95.59,"Google Pay",Desktop,UK,Luxury,1,1323,1,"2025-10-07 19:56:00",0,NULL,0,0,0,0,Low
T0000664,C07490,0.73,"Debit Card",Mobile,Germany,Fashion,1,945,1,"2026-03-10 19:56:00",0,NULL,0,0,0,0,Low
T0000665,C26216,14.38,"Google Pay",Mobile,UK,Gaming,1,331,1,"2026-02-13 19:56:00",0,NULL,0,0,0,0,Low
T0000666,C23612,9.08,"Apple Pay",Desktop,Canada,Electronics,1,1323,1,"2025-11-20 19:56:00",0,NULL,0,0,0,0,Low
T0000667,C22628,39.59,"Credit Card",Mobile,Canada,Travel,0,1663,0,"2026-02-06 19:56:00",0,NULL,0,0,0,0,Low
T0000668,C24399,46.54,PayPal,Desktop,Canada,Electronics,1,1266,0,"2025-11-10 19:56:00",0,NULL,0,0,0,0,Low
T0000669,C13493,29.7,"Google Pay",Tablet,Germany,Gaming,1,1820,1,"2026-02-27 19:56:00",0,NULL,0,0,0,0,Low
T0000670,C21295,125.23,"Google Pay",Desktop,Canada,Travel,0,1043,1,"2025-06-02 19:56:00",0,NULL,0,0,0,0,Low
T0000671,C25387,206.73,"Apple Pay",Desktop,Germany,Luxury,0,1047,1,"2025-09-14 19:56:00",1,93.12,1,0,0,1,Medium
T0000672,C04747,74.65,"Credit Card",Desktop,Australia,Electronics,1,1238,1,"2026-02-04 19:56:00",0,NULL,0,0,0,0,Low
T0000673,C05309,298.37,PayPal,Desktop,Canada,Gaming,0,859,1,"2025-11-06 19:56:00",0,79.10,1,0,0,1,Medium
T0000674,C21124,208.32,"Apple Pay",Desktop,Canada,Fashion,1,1624,1,"2025-10-10 19:56:00",0,NULL,0,0,0,0,Low
T0000675,C06026,13.01,"Credit Card",Tablet,UK,Fashion,0,1819,0,"2026-04-19 19:56:00",0,NULL,0,0,0,0,Low
T0000676,C05470,38.78,"Credit Card",Mobile,USA,Travel,0,1809,0,"2025-10-09 19:56:00",0,NULL,0,0,0,0,Low
T0000677,C17170,0.46,"Credit Card",Desktop,Germany,Luxury,0,677,0,"2026-03-19 19:56:00",0,NULL,0,0,0,0,Low
T0000678,C29016,12.9,"Debit Card",Mobile,UK,Fashion,1,1956,0,"2025-10-13 19:56:00",0,NULL,0,0,0,0,Low
T0000679,C17261,241.68,PayPal,Mobile,Australia,Travel,0,150,0,"2026-02-02 19:56:00",0,NULL,0,0,0,0,Low
T0000680,C15309,65.86,"Google Pay",Tablet,India,Fashion,1,700,0,"2025-07-28 19:56:00",0,NULL,0,0,0,0,Low
T0000681,C19361,11.22,"Google Pay",Tablet,Australia,Luxury,1,938,1,"2025-06-29 19:56:00",0,NULL,0,0,0,0,Low
T0000682,C20957,319.4,"Credit Card",Desktop,India,Travel,1,184,1,"2025-07-31 19:56:00",0,NULL,0,0,0,0,Low
T0000683,C10089,21.92,"Credit Card",Desktop,UK,Electronics,1,938,1,"2025-10-25 19:56:00",0,NULL,0,0,0,0,Low
T0000684,C17149,39.16,"Apple Pay",Desktop,India,Travel,1,1639,0,"2026-02-20 19:56:00",0,NULL,0,0,0,0,Low
T0000685,C09818,37.6,"Credit Card",Desktop,Germany,Gaming,1,1326,0,"2026-04-26 19:56:00",0,NULL,0,0,0,0,Low
T0000686,C12244,5.93,"Debit Card",Tablet,India,Fashion,1,1033,1,"2026-01-24 19:56:00",1,112.87,0,0,0,0,Low
T0000687,C23428,68.03,"Credit Card",Desktop,UK,Travel,1,1269,1,"2025-06-04 19:56:00",0,NULL,0,0,0,0,Low
T0000688,C20491,0.35,"Apple Pay",Desktop,Australia,Fashion,1,750,1,"2025-12-29 19:56:00",0,NULL,0,0,0,0,Low
T0000689,C27967,207.24,"Google Pay",Mobile,Canada,Travel,0,1199,0,"2026-03-26 19:56:00",0,NULL,0,0,0,0,Low
T0000690,C08918,76.7,"Google Pay",Mobile,Canada,Electronics,1,630,0,"2025-05-07 19:56:00",0,28.32,1,0,0,1,Medium
T0000691,C06093,168.3,"Credit Card",Desktop,UK,Fashion,1,283,1,"2026-03-09 19:56:00",0,NULL,0,0,0,0,Low
T0000692,C02956,160.32,"Apple Pay",Desktop,UK,Groceries,0,549,0,"2026-02-12 19:56:00",0,NULL,0,0,0,0,Low
T0000693,C25747,149.88,PayPal,Desktop,Australia,Electronics,1,1285,0,"2025-08-18 19:56:00",0,NULL,0,0,0,0,Low
T0000694,C27642,5.28,"Google Pay",Desktop,India,Travel,0,574,0,"2026-02-15 19:56:00",0,NULL,0,0,0,0,Low
T0000695,C05951,37.37,"Debit Card",Desktop,USA,Travel,1,1710,0,"2026-01-22 19:56:00",0,NULL,0,0,0,0,Low
T0000696,C25272,290.39,"Apple Pay",Tablet,USA,Luxury,0,407,0,"2025-09-16 19:56:00",0,NULL,0,0,0,0,Low
T0000697,C25264,64.06,PayPal,Desktop,India,Fashion,0,1813,0,"2026-03-13 19:56:00",0,NULL,0,0,0,0,Low
T0000698,C20617,108.5,"Debit Card",Desktop,India,Groceries,0,749,0,"2026-04-09 19:56:00",0,NULL,0,0,0,0,Low
T0000699,C29083,5.11,"Debit Card",Mobile,UK,Groceries,0,128,1,"2026-04-04 19:56:00",0,NULL,0,0,0,0,Low
T0000700,C19160,178.46,"Apple Pay",Mobile,USA,Luxury,1,1828,0,"2026-02-28 19:56:00",0,NULL,0,0,0,0,Low
T0000701,C19537,102.78,"Google Pay",Mobile,UK,Groceries,1,1707,0,"2026-02-10 19:56:00",0,NULL,0,0,0,0,Low
T0000702,C24890,24.07,"Credit Card",Mobile,Canada,Fashion,0,674,0,"2025-06-14 19:56:00",0,57.94,0,0,0,0,Low
T0000703,C15986,178.01,"Apple Pay",Tablet,Australia,Luxury,1,1671,1,"2026-01-01 19:56:00",0,NULL,0,0,0,0,Low
T0000704,C06324,101.46,PayPal,Desktop,Australia,Electronics,1,1680,1,"2026-04-20 19:56:00",0,NULL,0,0,0,0,Low
T0000705,C15903,253.69,"Debit Card",Tablet,Canada,Gaming,1,785,1,"2025-05-04 19:56:00",0,NULL,0,0,0,0,Low
T0000706,C06116,183.45,PayPal,Desktop,Australia,Gaming,1,1247,1,"2025-07-26 19:56:00",0,NULL,0,0,0,0,Low
T0000707,C29966,19.83,PayPal,Mobile,Germany,Gaming,0,166,0,"2025-07-21 19:56:00",0,NULL,0,0,0,0,Low
T0000708,C12030,33.98,"Debit Card",Tablet,Germany,Electronics,0,480,1,"2025-09-10 19:56:00",0,NULL,0,0,0,0,Low
T0000709,C20308,133.64,"Google Pay",Desktop,Australia,Travel,0,640,0,"2025-10-26 19:56:00",0,NULL,0,0,0,0,Low
T0000710,C06222,184.56,PayPal,Tablet,UK,Travel,1,287,1,"2025-08-05 19:56:00",0,54.63,1,0,0,1,Medium
T0000711,C21002,54.62,"Debit Card",Mobile,Germany,Fashion,0,1474,0,"2025-11-17 19:56:00",0,NULL,0,0,0,0,Low
T0000712,C28623,116.87,"Google Pay",Mobile,India,Luxury,0,276,0,"2026-04-14 19:56:00",0,NULL,0,0,0,0,Low
T0000713,C27404,479.8,"Credit Card",Tablet,Germany,Groceries,1,500,1,"2025-10-14 19:56:00",0,NULL,0,0,0,0,Low
T0000714,C07233,199.2,"Credit Card",Mobile,UK,Travel,0,1602,1,"2025-06-24 19:56:00",0,NULL,0,0,0,0,Low
T0000715,C26248,265.03,PayPal,Desktop,Germany,Luxury,0,1786,0,"2025-06-07 19:56:00",0,NULL,0,0,0,0,Low
T0000716,C01911,320.16,PayPal,Tablet,USA,Electronics,1,257,1,"2025-06-19 19:56:00",0,NULL,0,0,0,0,Low
T0000717,C07075,17.3,"Debit Card",Mobile,Australia,Fashion,0,24,0,"2025-08-08 19:56:00",0,NULL,0,0,0,0,Low
T0000718,C17243,52.48,"Google Pay",Tablet,Australia,Luxury,0,1423,0,"2025-05-29 19:56:00",0,NULL,0,0,0,0,Low
T0000719,C18290,38.54,"Apple Pay",Tablet,Germany,Luxury,0,311,0,"2025-09-30 19:56:00",0,NULL,0,0,0,0,Low
T0000720,C21799,68.05,"Debit Card",Mobile,UK,Gaming,0,529,1,"2025-09-24 19:56:00",0,NULL,0,0,0,0,Low
T0000721,C19659,28.16,PayPal,Desktop,Germany,Travel,1,1785,1,"2025-09-16 19:56:00",0,NULL,0,0,0,0,Low
T0000722,C25041,635.35,"Google Pay",Tablet,Canada,Gaming,1,1525,1,"2025-06-10 19:56:00",0,NULL,0,0,0,0,Low
T0000723,C07010,388.16,"Apple Pay",Desktop,India,Electronics,1,1123,1,"2025-10-20 19:56:00",0,NULL,0,0,0,0,Low
T0000724,C23800,88.71,PayPal,Tablet,USA,Electronics,1,283,0,"2026-04-13 19:56:00",0,NULL,0,0,0,0,Low
T0000725,C09842,108.04,"Google Pay",Desktop,USA,Gaming,0,163,0,"2026-01-07 19:56:00",0,NULL,0,0,0,0,Low
T0000726,C18230,1.72,"Debit Card",Mobile,USA,Groceries,0,134,1,"2025-07-12 19:56:00",0,NULL,0,0,0,0,Low
T0000727,C12029,345.25,"Apple Pay",Mobile,Canada,Gaming,0,939,1,"2025-07-06 19:56:00",0,NULL,0,0,0,0,Low
T0000728,C07125,169.92,"Google Pay",Desktop,UK,Electronics,1,504,1,"2026-03-22 19:56:00",0,NULL,0,0,0,0,Low
T0000729,C19505,31.68,"Credit Card",Mobile,Australia,Groceries,1,1629,1,"2025-06-06 19:56:00",0,NULL,0,0,0,0,Low
T0000730,C11401,99.91,"Apple Pay",Mobile,UK,Electronics,1,146,0,"2025-09-20 19:56:00",0,NULL,0,0,0,0,Low
T0000731,C09988,216.51,PayPal,Desktop,Germany,Gaming,0,1971,0,"2025-08-05 19:56:00",0,NULL,0,0,0,0,Low
T0000732,C22865,196.02,"Google Pay",Mobile,Australia,Gaming,0,881,1,"2026-01-07 19:56:00",0,NULL,0,0,0,0,Low
T0000733,C16539,226.1,"Debit Card",Desktop,Canada,Fashion,0,1188,0,"2026-03-15 19:56:00",0,NULL,0,0,0,0,Low
T0000734,C11016,3.55,"Google Pay",Tablet,Australia,Travel,1,19,0,"2026-03-19 19:56:00",0,NULL,0,0,0,0,Low
T0000735,C08604,277.98,"Debit Card",Tablet,India,Travel,1,555,1,"2026-03-18 19:56:00",0,NULL,0,0,0,0,Low
T0000736,C18328,599.87,"Google Pay",Desktop,Australia,Gaming,1,1868,1,"2026-01-19 19:56:00",0,NULL,0,0,0,0,Low
T0000737,C24107,59.8,PayPal,Mobile,USA,Luxury,0,1658,1,"2025-08-05 19:56:00",0,NULL,0,0,0,0,Low
T0000738,C18875,70.52,PayPal,Tablet,India,Groceries,0,694,0,"2026-03-16 19:56:00",0,NULL,0,0,0,0,Low
T0000739,C06242,34.68,PayPal,Tablet,Australia,Fashion,1,333,0,"2025-11-17 19:56:00",0,NULL,0,0,0,0,Low
T0000740,C11460,225.49,"Credit Card",Tablet,UK,Fashion,1,1437,1,"2025-06-19 19:56:00",0,NULL,0,0,0,0,Low
T0000741,C06544,12.88,"Credit Card",Mobile,Australia,Fashion,1,114,0,"2025-05-15 19:56:00",0,NULL,0,0,0,0,Low
T0000742,C20350,31.16,"Apple Pay",Mobile,Canada,Electronics,1,1025,0,"2026-02-14 19:56:00",0,NULL,0,0,0,0,Low
T0000743,C10875,39.83,"Google Pay",Mobile,Germany,Luxury,0,833,1,"2026-01-13 19:56:00",0,50.06,0,0,0,0,Low
T0000744,C04632,104.13,PayPal,Desktop,Germany,Fashion,0,412,0,"2025-05-10 19:56:00",0,NULL,0,0,0,0,Low
T0000745,C01970,18.63,"Credit Card",Tablet,Germany,Travel,0,561,0,"2025-12-06 19:56:00",0,NULL,0,0,0,0,Low
T0000746,C21456,61.49,PayPal,Desktop,Australia,Electronics,0,93,1,"2026-04-26 19:56:00",0,NULL,0,0,0,0,Low
T0000747,C00626,82.59,"Apple Pay",Mobile,India,Gaming,1,1401,0,"2025-12-02 19:56:00",0,NULL,0,0,0,0,Low
T0000748,C17419,48.34,"Credit Card",Mobile,Germany,Electronics,0,484,0,"2026-03-16 19:56:00",0,NULL,0,0,0,0,Low
T0000749,C08107,8.58,"Debit Card",Desktop,India,Electronics,1,1400,1,"2025-08-02 19:56:00",0,NULL,0,0,0,0,Low
T0000750,C11364,199.84,"Debit Card",Desktop,Australia,Gaming,1,1003,1,"2025-05-15 19:56:00",0,NULL,0,0,0,0,Low
T0000751,C09040,178.42,"Debit Card",Desktop,USA,Fashion,1,299,1,"2026-03-30 19:56:00",0,NULL,0,0,0,0,Low
T0000752,C11200,250.38,"Google Pay",Mobile,Australia,Luxury,0,288,1,"2025-10-11 19:56:00",0,NULL,0,0,0,0,Low
T0000753,C22496,320.86,PayPal,Mobile,Germany,Gaming,1,834,1,"2026-01-04 19:56:00",0,NULL,0,0,0,0,Low
T0000754,C10791,107.12,"Debit Card",Mobile,Australia,Fashion,0,1858,0,"2025-09-13 19:56:00",0,29.91,1,0,0,1,Medium
T0000755,C10126,433.78,PayPal,Desktop,UK,Electronics,0,1350,0,"2025-05-13 19:56:00",0,NULL,0,0,0,0,Low
T0000756,C18263,69.04,PayPal,Mobile,Canada,Travel,0,853,1,"2025-08-01 19:56:00",0,NULL,0,0,0,0,Low
T0000757,C13476,30.48,"Debit Card",Tablet,Australia,Fashion,1,1942,1,"2025-11-26 19:56:00",0,NULL,0,0,0,0,Low
T0000758,C03499,65.91,"Google Pay",Mobile,Germany,Fashion,0,546,0,"2026-02-22 19:56:00",0,NULL,0,0,0,0,Low
T0000759,C19542,34.97,"Credit Card",Tablet,USA,Luxury,0,1080,0,"2026-01-02 19:56:00",0,NULL,0,0,0,0,Low
T0000760,C25554,197.22,PayPal,Tablet,Germany,Fashion,0,319,1,"2025-08-29 19:56:00",0,NULL,0,0,0,0,Low
T0000761,C27923,107.18,"Debit Card",Desktop,UK,Fashion,1,1235,0,"2025-10-14 19:56:00",0,NULL,0,0,0,0,Low
T0000762,C01057,2.51,"Debit Card",Desktop,India,Fashion,0,986,0,"2025-10-03 19:56:00",1,229.12,0,0,0,0,Low
T0000763,C02168,364.94,"Apple Pay",Tablet,India,Fashion,1,1869,1,"2026-01-30 19:56:00",0,NULL,0,0,0,0,Low
T0000764,C14011,357.6,PayPal,Tablet,Australia,Travel,0,1135,1,"2025-10-05 19:56:00",0,NULL,0,0,0,0,Low
T0000765,C20038,182.1,"Apple Pay",Tablet,USA,Electronics,0,498,1,"2025-07-12 19:56:00",0,NULL,0,0,0,0,Low
T0000766,C28764,71.48,"Google Pay",Tablet,USA,Luxury,1,1231,1,"2025-12-26 19:56:00",0,NULL,0,0,0,0,Low
T0000767,C01616,304.59,PayPal,Desktop,India,Travel,1,1671,1,"2026-01-23 19:56:00",0,NULL,0,0,0,0,Low
T0000768,C05456,50.7,"Apple Pay",Tablet,USA,Luxury,1,82,0,"2025-09-26 19:56:00",0,NULL,0,0,0,0,Low
T0000769,C14802,50.84,PayPal,Mobile,Germany,Travel,0,1548,0,"2026-03-15 19:56:00",1,64.98,0,0,0,0,Low
T0000770,C00817,15.19,"Apple Pay",Tablet,Australia,Electronics,1,192,0,"2026-01-29 19:56:00",0,NULL,0,0,0,0,Low
T0000771,C08195,95.64,"Credit Card",Tablet,Australia,Electronics,0,1577,0,"2025-11-16 19:56:00",0,NULL,0,0,0,0,Low
T0000772,C23142,58.77,"Google Pay",Mobile,Germany,Gaming,1,52,1,"2025-09-12 19:56:00",0,NULL,0,0,0,0,Low
T0000773,C05240,219.16,"Debit Card",Mobile,UK,Fashion,1,1303,0,"2025-10-19 19:56:00",0,NULL,0,0,0,0,Low
T0000774,C28470,222.39,PayPal,Tablet,USA,Groceries,0,934,1,"2026-02-15 19:56:00",0,47.12,1,0,0,1,Medium
T0000775,C23926,203.88,"Debit Card",Tablet,UK,Fashion,1,202,0,"2025-09-14 19:56:00",0,NULL,0,0,0,0,Low
T0000776,C00116,44.33,"Google Pay",Mobile,India,Electronics,1,668,1,"2025-06-16 19:56:00",0,NULL,0,0,0,0,Low
T0000777,C19923,60.61,"Apple Pay",Mobile,Germany,Electronics,0,1693,0,"2025-08-21 19:56:00",0,NULL,0,0,0,0,Low
T0000778,C19701,135.67,"Google Pay",Mobile,Germany,Fashion,0,322,1,"2025-06-27 19:56:00",0,NULL,0,0,0,0,Low
T0000779,C01603,191.16,"Credit Card",Mobile,Australia,Luxury,0,1659,1,"2026-01-26 19:56:00",0,NULL,0,0,0,0,Low
T0000780,C18943,214.65,"Credit Card",Desktop,USA,Travel,1,473,0,"2025-06-26 19:56:00",0,NULL,0,0,0,0,Low
T0000781,C05841,21.33,"Apple Pay",Tablet,Australia,Luxury,1,340,0,"2026-02-07 19:56:00",0,NULL,0,0,0,0,Low
T0000782,C18972,25.5,"Apple Pay",Mobile,Canada,Electronics,0,526,0,"2025-10-28 19:56:00",0,NULL,0,0,0,0,Low
T0000783,C24853,158.33,"Credit Card",Desktop,India,Luxury,0,1066,0,"2025-09-24 19:56:00",0,NULL,0,0,0,0,Low
T0000784,C28162,40.38,"Debit Card",Tablet,India,Gaming,1,1924,1,"2025-12-11 19:56:00",0,NULL,0,0,0,0,Low
T0000785,C01907,6.99,"Apple Pay",Desktop,Australia,Gaming,0,1117,0,"2026-03-06 19:56:00",0,NULL,0,0,0,0,Low
T0000786,C27781,133.58,"Debit Card",Tablet,Germany,Gaming,1,137,1,"2025-11-19 19:56:00",0,NULL,0,0,0,0,Low
T0000787,C18437,166.81,PayPal,Desktop,UK,Fashion,1,840,0,"2025-08-19 19:56:00",0,NULL,0,0,0,0,Low
T0000788,C00052,67.88,"Debit Card",Desktop,Australia,Gaming,0,211,1,"2026-03-01 19:56:00",0,NULL,0,0,0,0,Low
T0000789,C13587,23.72,"Credit Card",Desktop,Canada,Luxury,0,1351,0,"2025-10-01 19:56:00",0,NULL,0,0,0,0,Low
T0000790,C06593,97.3,PayPal,Desktop,USA,Gaming,1,1978,0,"2025-05-12 19:56:00",0,NULL,0,0,0,0,Low
T0000791,C18023,51.05,"Google Pay",Mobile,Australia,Gaming,0,787,1,"2025-11-16 19:56:00",0,NULL,0,0,0,0,Low
T0000792,C00955,87.28,"Apple Pay",Desktop,Canada,Electronics,0,1825,0,"2026-01-31 19:56:00",0,NULL,0,0,0,0,Low
T0000793,C21157,128.32,"Google Pay",Mobile,Australia,Groceries,1,678,1,"2026-02-20 19:56:00",0,NULL,0,0,0,0,Low
T0000794,C15155,311.67,"Google Pay",Tablet,Canada,Gaming,0,1141,1,"2025-10-01 19:56:00",0,NULL,0,0,0,0,Low
T0000795,C00614,73.5,PayPal,Desktop,USA,Electronics,1,811,0,"2026-01-14 19:56:00",0,NULL,0,0,0,0,Low
T0000796,C11114,146,"Debit Card",Tablet,Germany,Gaming,0,82,1,"2025-10-20 19:56:00",0,NULL,0,0,0,0,Low
T0000797,C03829,147.16,"Apple Pay",Tablet,USA,Electronics,1,1092,1,"2025-11-24 19:56:00",0,NULL,0,0,0,0,Low
T0000798,C16288,109.26,"Google Pay",Desktop,Canada,Groceries,1,1187,1,"2025-12-30 19:56:00",0,NULL,0,0,0,0,Low
T0000799,C05735,71.54,"Credit Card",Mobile,UK,Travel,1,569,0,"2026-03-04 19:56:00",0,NULL,0,0,0,0,Low
T0000800,C29654,0.8,"Google Pay",Mobile,Canada,Groceries,0,423,0,"2025-08-17 19:56:00",0,NULL,0,0,0,0,Low
T0000801,C25413,136.77,"Credit Card",Mobile,Germany,Travel,0,1101,0,"2025-11-14 19:56:00",0,NULL,0,0,0,0,Low
T0000802,C12701,330.37,"Google Pay",Mobile,Canada,Electronics,0,1683,0,"2025-04-30 19:56:00",0,NULL,0,0,0,0,Low
T0000803,C10922,61.11,PayPal,Mobile,Germany,Luxury,0,851,0,"2025-09-03 19:56:00",0,NULL,0,0,0,0,Low
T0000804,C29234,1,PayPal,Mobile,UK,Travel,1,1540,1,"2026-01-13 19:56:00",0,NULL,0,0,0,0,Low
T0000805,C21992,10.57,"Google Pay",Mobile,UK,Gaming,1,1638,1,"2026-03-01 19:56:00",0,NULL,0,0,0,0,Low
T0000806,C16845,86.27,PayPal,Tablet,Canada,Fashion,0,1818,1,"2026-03-09 19:56:00",0,NULL,0,0,0,0,Low
T0000807,C23081,94.99,PayPal,Mobile,USA,Gaming,0,1526,1,"2025-12-06 19:56:00",0,NULL,0,0,0,0,Low
T0000808,C14538,11.5,"Credit Card",Mobile,India,Electronics,0,1080,0,"2026-04-05 19:56:00",0,NULL,0,0,0,0,Low
T0000809,C13975,3.59,"Google Pay",Tablet,Germany,Groceries,0,308,0,"2025-10-12 19:56:00",0,NULL,0,0,0,0,Low
T0000810,C10239,34.13,"Apple Pay",Tablet,Australia,Gaming,0,972,0,"2025-11-11 19:56:00",0,NULL,0,0,0,0,Low
T0000811,C04319,29.1,"Apple Pay",Mobile,India,Travel,1,1639,1,"2026-03-14 19:56:00",0,NULL,0,0,0,0,Low
T0000812,C07593,363.12,"Apple Pay",Tablet,Canada,Fashion,0,1197,1,"2026-01-06 19:56:00",0,NULL,0,0,0,0,Low
T0000813,C22925,323.85,"Credit Card",Desktop,India,Electronics,1,879,1,"2025-05-25 19:56:00",0,NULL,0,0,0,0,Low
T0000814,C15576,162.99,PayPal,Desktop,India,Groceries,1,503,0,"2026-03-04 19:56:00",0,NULL,0,0,0,0,Low
T0000815,C19807,55.66,"Credit Card",Tablet,USA,Groceries,0,1890,0,"2025-07-10 19:56:00",0,NULL,0,0,0,0,Low
T0000816,C18224,48.71,"Apple Pay",Desktop,Germany,Gaming,0,658,1,"2025-06-02 19:56:00",0,251.78,0,0,0,0,Low
T0000817,C13548,4.28,"Apple Pay",Tablet,UK,Electronics,0,1603,1,"2025-12-29 19:56:00",0,NULL,0,0,0,0,Low
T0000818,C11165,34.26,"Google Pay",Desktop,Germany,Luxury,1,1659,1,"2026-01-14 19:56:00",0,NULL,0,0,0,0,Low
T0000819,C07739,125.75,"Credit Card",Tablet,Australia,Gaming,0,1899,0,"2026-02-01 19:56:00",0,NULL,0,0,0,0,Low
T0000820,C19533,83.2,"Debit Card",Tablet,USA,Groceries,1,781,1,"2025-09-05 19:56:00",0,NULL,0,0,0,0,Low
T0000821,C13298,107.06,PayPal,Tablet,Germany,Travel,0,997,1,"2026-03-26 19:56:00",0,NULL,0,0,0,0,Low
T0000822,C21136,13.36,"Credit Card",Mobile,UK,Fashion,0,130,0,"2025-05-27 19:56:00",0,NULL,0,0,0,0,Low
T0000823,C21656,36.17,"Google Pay",Tablet,Canada,Gaming,1,654,1,"2026-02-13 19:56:00",0,NULL,0,0,0,0,Low
T0000824,C14653,185.31,"Google Pay",Tablet,Canada,Luxury,0,630,1,"2026-01-20 19:56:00",0,NULL,0,0,0,0,Low
T0000825,C09980,210.18,"Google Pay",Mobile,Germany,Travel,1,1162,1,"2025-09-20 19:56:00",0,NULL,0,0,0,0,Low
T0000826,C27776,44.49,"Google Pay",Mobile,Canada,Groceries,1,1568,1,"2026-02-24 19:56:00",0,NULL,0,0,0,0,Low
T0000827,C03595,35.31,"Apple Pay",Mobile,India,Travel,0,1889,1,"2025-12-07 19:56:00",0,NULL,0,0,0,0,Low
T0000828,C12504,186.87,"Debit Card",Tablet,UK,Fashion,0,1581,1,"2025-09-20 19:56:00",0,NULL,0,0,0,0,Low
T0000829,C18201,120.03,"Debit Card",Desktop,UK,Fashion,1,890,0,"2025-10-16 19:56:00",0,NULL,0,0,0,0,Low
T0000830,C00381,12.99,"Debit Card",Mobile,Australia,Electronics,0,556,1,"2026-03-25 19:56:00",0,NULL,0,0,0,0,Low
T0000831,C04497,51.49,"Google Pay",Desktop,Australia,Fashion,1,96,1,"2025-06-06 19:56:00",0,NULL,0,0,0,0,Low
T0000832,C14890,218.35,PayPal,Tablet,India,Fashion,1,904,1,"2025-08-13 19:56:00",0,NULL,0,0,0,0,Low
T0000833,C06089,113.16,"Google Pay",Tablet,India,Groceries,0,681,0,"2025-09-25 19:56:00",0,NULL,0,0,0,0,Low
T0000834,C13463,142.08,"Credit Card",Mobile,USA,Gaming,1,459,1,"2025-07-25 19:56:00",0,NULL,0,0,0,0,Low
T0000835,C15779,91.09,"Credit Card",Mobile,Australia,Gaming,0,1447,0,"2025-05-12 19:56:00",0,7.75,1,0,0,1,Medium
T0000836,C29161,2.32,"Google Pay",Mobile,India,Gaming,0,983,0,"2025-06-22 19:56:00",0,NULL,0,0,0,0,Low
T0000837,C10240,15.54,"Apple Pay",Desktop,Germany,Travel,0,1746,0,"2025-06-21 19:56:00",0,NULL,0,0,0,0,Low
T0000838,C16799,28.57,PayPal,Desktop,Canada,Fashion,1,127,1,"2025-09-02 19:56:00",0,NULL,0,0,0,0,Low
T0000839,C01158,29.75,"Credit Card",Tablet,Germany,Luxury,1,1542,1,"2025-05-10 19:56:00",0,NULL,0,0,0,0,Low
T0000840,C15505,64.28,"Google Pay",Tablet,USA,Electronics,0,204,0,"2025-07-08 19:56:00",0,NULL,0,0,0,0,Low
T0000841,C09399,143.06,PayPal,Mobile,Germany,Groceries,0,1387,1,"2025-08-25 19:56:00",0,NULL,0,0,0,0,Low
T0000842,C04344,63.71,"Credit Card",Desktop,Canada,Gaming,1,1977,0,"2025-06-19 19:56:00",0,NULL,0,0,0,0,Low
T0000843,C05722,348.3,"Debit Card",Tablet,India,Groceries,0,934,1,"2025-07-02 19:56:00",0,NULL,0,0,0,0,Low
T0000844,C25642,69.38,PayPal,Desktop,UK,Electronics,0,1358,0,"2025-05-07 19:56:00",0,NULL,0,0,0,0,Low
T0000845,C04754,173.68,"Debit Card",Desktop,India,Luxury,0,1136,0,"2025-06-30 19:56:00",0,NULL,0,0,0,0,Low
T0000846,C14424,65.22,PayPal,Mobile,Germany,Electronics,0,1570,0,"2025-06-08 19:56:00",0,NULL,0,0,0,0,Low
T0000847,C01722,134.23,"Apple Pay",Desktop,India,Luxury,1,425,1,"2026-02-04 19:56:00",0,NULL,0,0,0,0,Low
T0000848,C24656,150.48,"Apple Pay",Desktop,Australia,Groceries,0,641,0,"2025-08-01 19:56:00",0,NULL,0,0,0,0,Low
T0000849,C04757,167.63,PayPal,Mobile,Canada,Gaming,1,508,1,"2025-08-02 19:56:00",0,NULL,0,0,0,0,Low
T0000850,C22377,16.35,"Apple Pay",Tablet,Australia,Gaming,0,348,0,"2026-04-09 19:56:00",0,NULL,0,0,0,0,Low
T0000851,C21367,206.18,PayPal,Desktop,Canada,Luxury,1,148,0,"2025-12-12 19:56:00",0,NULL,0,0,0,0,Low
T0000852,C19143,9.45,"Google Pay",Tablet,Australia,Fashion,1,444,1,"2025-10-12 19:56:00",0,NULL,0,0,0,0,Low
T0000853,C17038,39.57,"Credit Card",Desktop,Germany,Electronics,0,760,0,"2025-11-09 19:56:00",0,NULL,0,0,0,0,Low
T0000854,C00392,93.64,PayPal,Tablet,USA,Fashion,0,834,0,"2025-10-02 19:56:00",0,NULL,0,0,0,0,Low
T0000855,C23766,480.15,"Credit Card",Mobile,USA,Gaming,1,344,1,"2025-12-06 19:56:00",0,NULL,0,0,0,0,Low
T0000856,C21516,31.61,"Google Pay",Tablet,USA,Fashion,0,332,0,"2026-01-09 19:56:00",0,NULL,0,0,0,0,Low
T0000857,C12320,29.83,"Apple Pay",Mobile,Australia,Luxury,0,960,0,"2025-05-29 19:56:00",0,NULL,0,0,0,0,Low
T0000858,C02482,55.36,PayPal,Desktop,India,Fashion,1,1155,1,"2025-06-07 19:56:00",0,NULL,0,0,0,0,Low
T0000859,C25584,51.68,"Credit Card",Mobile,India,Groceries,1,1095,1,"2026-03-24 19:56:00",0,NULL,0,0,0,0,Low
T0000860,C26634,221.67,"Debit Card",Desktop,USA,Gaming,0,1515,1,"2025-12-16 19:56:00",0,NULL,0,0,0,0,Low
T0000861,C12866,177.84,"Credit Card",Mobile,UK,Travel,1,259,1,"2026-01-29 19:56:00",0,NULL,0,0,0,0,Low
T0000862,C23443,95.3,PayPal,Mobile,USA,Travel,0,1533,0,"2025-12-19 19:56:00",0,NULL,0,0,0,0,Low
T0000863,C00615,18.14,"Credit Card",Tablet,Australia,Luxury,0,1574,0,"2025-08-19 19:56:00",0,NULL,0,0,0,0,Low
T0000864,C12796,58.65,"Google Pay",Tablet,Canada,Electronics,0,1935,1,"2025-12-15 19:56:00",0,NULL,0,0,0,0,Low
T0000865,C16889,166.34,"Credit Card",Desktop,India,Gaming,1,1822,1,"2025-05-03 19:56:00",0,NULL,0,0,0,0,Low
T0000866,C07401,127.4,"Google Pay",Tablet,India,Gaming,1,1503,0,"2026-04-29 19:56:00",0,NULL,0,0,0,0,Low
T0000867,C11762,170.39,PayPal,Desktop,USA,Gaming,1,276,1,"2025-11-11 19:56:00",0,NULL,0,0,0,0,Low
T0000868,C27963,37.92,"Debit Card",Desktop,Canada,Gaming,0,1073,0,"2025-11-07 19:56:00",0,NULL,0,0,0,0,Low
T0000869,C01289,109.89,"Credit Card",Desktop,Australia,Luxury,0,659,0,"2025-10-16 19:56:00",0,NULL,0,0,0,0,Low
T0000870,C22572,84.88,"Debit Card",Mobile,Australia,Electronics,1,405,1,"2025-10-29 19:56:00",0,NULL,0,0,0,0,Low
T0000871,C06328,70.41,"Google Pay",Desktop,India,Luxury,0,393,0,"2026-04-18 19:56:00",0,NULL,0,0,0,0,Low
T0000872,C10084,95.65,"Credit Card",Mobile,USA,Travel,1,1255,1,"2025-08-18 19:56:00",0,NULL,0,0,0,0,Low
T0000873,C03873,30.59,"Google Pay",Tablet,Germany,Fashion,1,1950,1,"2026-01-12 19:56:00",0,NULL,0,0,0,0,Low
T0000874,C02361,142.35,"Apple Pay",Desktop,Australia,Gaming,0,1008,0,"2026-04-12 19:56:00",0,NULL,0,0,0,0,Low
T0000875,C01501,179.96,"Credit Card",Mobile,UK,Travel,0,1902,0,"2025-12-27 19:56:00",0,NULL,0,0,0,0,Low
T0000876,C20029,165.32,"Google Pay",Mobile,USA,Fashion,0,1710,0,"2026-02-02 19:56:00",0,NULL,0,0,0,0,Low
T0000877,C02068,36.06,PayPal,Desktop,Australia,Electronics,1,1624,1,"2026-01-17 19:56:00",0,NULL,0,0,0,0,Low
T0000878,C22417,97.79,"Google Pay",Desktop,UK,Fashion,0,65,0,"2025-07-10 19:56:00",0,NULL,0,0,0,0,Low
T0000879,C10994,26.94,"Debit Card",Desktop,UK,Luxury,0,464,0,"2026-03-29 19:56:00",0,NULL,0,0,0,0,Low
T0000880,C12122,667.4,"Debit Card",Desktop,UK,Electronics,0,1215,0,"2025-07-21 19:56:00",0,NULL,0,0,0,0,Low
T0000881,C25922,147.24,"Credit Card",Mobile,USA,Fashion,1,1685,1,"2025-06-11 19:56:00",0,NULL,0,0,0,0,Low
T0000882,C02921,47.46,"Debit Card",Desktop,Australia,Fashion,1,1484,1,"2025-05-04 19:56:00",0,NULL,0,0,0,0,Low
T0000883,C04689,725.3,"Debit Card",Tablet,India,Fashion,1,790,1,"2025-06-07 19:56:00",0,NULL,0,0,0,0,Low
T0000884,C20007,16.72,"Google Pay",Tablet,UK,Electronics,0,508,0,"2025-05-11 19:56:00",1,160.16,0,0,0,0,Low
T0000885,C20552,62.51,"Debit Card",Desktop,USA,Electronics,1,812,1,"2025-11-27 19:56:00",0,NULL,0,0,0,0,Low
T0000886,C17374,1.9,"Apple Pay",Tablet,Germany,Luxury,1,1001,0,"2026-03-13 19:56:00",0,NULL,0,0,0,0,Low
T0000887,C21605,44.35,"Apple Pay",Mobile,UK,Travel,1,1475,0,"2026-01-14 19:56:00",0,NULL,0,0,0,0,Low
T0000888,C05778,99.45,"Apple Pay",Mobile,Australia,Groceries,0,348,0,"2026-02-08 19:56:00",0,NULL,0,0,0,0,Low
T0000889,C10955,104.37,"Debit Card",Mobile,USA,Fashion,1,692,1,"2025-06-19 19:56:00",0,1.36,1,0,0,1,Medium
T0000890,C25740,135.29,"Debit Card",Tablet,USA,Luxury,1,1081,1,"2026-04-16 19:56:00",0,NULL,0,0,0,0,Low
T0000891,C14576,109.01,"Debit Card",Desktop,UK,Electronics,1,704,1,"2025-07-01 19:56:00",0,NULL,0,0,0,0,Low
T0000892,C10687,115.65,"Apple Pay",Mobile,Australia,Fashion,0,789,1,"2026-01-04 19:56:00",0,NULL,0,0,0,0,Low
T0000893,C02410,81.78,"Google Pay",Mobile,India,Travel,1,1711,0,"2025-09-01 19:56:00",0,NULL,0,0,0,0,Low
T0000894,C05835,107.92,PayPal,Mobile,India,Fashion,1,923,1,"2025-10-14 19:56:00",0,NULL,0,0,0,0,Low
T0000895,C11007,54.01,PayPal,Tablet,Germany,Fashion,0,286,0,"2026-02-24 19:56:00",0,161.79,0,0,0,0,Low
T0000896,C03641,119.84,"Debit Card",Desktop,UK,Groceries,1,1010,0,"2025-09-04 19:56:00",0,NULL,0,0,0,0,Low
T0000897,C19780,8.68,"Credit Card",Tablet,Germany,Travel,0,202,0,"2026-02-09 19:56:00",0,95.41,0,0,0,0,Low
T0000898,C28082,23.72,PayPal,Mobile,Germany,Electronics,1,952,1,"2025-08-06 19:56:00",0,NULL,0,0,0,0,Low
T0000899,C23922,72.38,"Google Pay",Mobile,Canada,Fashion,0,443,1,"2025-09-23 19:56:00",0,NULL,0,0,0,0,Low
T0000900,C29942,181.21,"Apple Pay",Desktop,USA,Luxury,0,1329,0,"2025-07-11 19:56:00",0,NULL,0,0,0,0,Low
T0000901,C25186,194.83,"Apple Pay",Desktop,Germany,Luxury,0,1217,1,"2025-08-15 19:56:00",0,NULL,0,0,0,0,Low
T0000902,C26913,368.29,"Google Pay",Desktop,UK,Electronics,1,954,1,"2026-03-11 19:56:00",0,NULL,0,0,0,0,Low
T0000903,C22714,38.92,"Credit Card",Mobile,Canada,Electronics,0,885,0,"2025-10-04 19:56:00",0,NULL,0,0,0,0,Low
T0000904,C15722,52.61,"Google Pay",Mobile,Australia,Electronics,1,305,1,"2025-05-23 19:56:00",0,NULL,0,0,0,0,Low
T0000905,C14905,31.49,PayPal,Tablet,India,Luxury,0,448,0,"2025-09-05 19:56:00",0,NULL,0,0,0,0,Low
T0000906,C15215,257.38,PayPal,Tablet,USA,Gaming,0,964,1,"2025-05-05 19:56:00",0,NULL,0,0,0,0,Low
T0000907,C01072,260.69,"Credit Card",Desktop,Australia,Gaming,1,940,0,"2025-11-30 19:56:00",0,NULL,0,0,0,0,Low
T0000908,C28864,26.86,"Credit Card",Tablet,Australia,Electronics,0,1297,0,"2025-11-10 19:56:00",0,NULL,0,0,0,0,Low
T0000909,C12549,339.17,PayPal,Tablet,USA,Fashion,1,389,1,"2025-10-25 19:56:00",0,NULL,0,0,0,0,Low
T0000910,C21240,8.32,"Debit Card",Tablet,Australia,Groceries,0,1097,0,"2025-07-18 19:56:00",0,NULL,0,0,0,0,Low
T0000911,C07820,266.96,"Debit Card",Tablet,India,Groceries,0,1131,1,"2025-07-28 19:56:00",0,NULL,0,0,0,0,Low
T0000912,C11558,8.84,PayPal,Desktop,USA,Groceries,1,285,1,"2025-12-15 19:56:00",0,NULL,0,0,0,0,Low
T0000913,C14825,6.82,"Apple Pay",Desktop,Australia,Gaming,0,792,0,"2025-08-25 19:56:00",0,NULL,0,0,0,0,Low
T0000914,C12064,19.12,"Debit Card",Mobile,India,Groceries,0,1841,0,"2025-05-21 19:56:00",0,NULL,0,0,0,0,Low
T0000915,C02522,14.58,"Apple Pay",Desktop,USA,Fashion,0,119,0,"2026-03-06 19:56:00",0,NULL,0,0,0,0,Low
T0000916,C28672,119.5,"Apple Pay",Desktop,India,Groceries,0,659,0,"2026-01-16 19:56:00",0,NULL,0,0,0,0,Low
T0000917,C13767,35.56,"Credit Card",Desktop,UK,Fashion,0,45,0,"2025-09-15 19:56:00",0,NULL,0,0,0,0,Low
T0000918,C27360,28.36,PayPal,Desktop,Germany,Travel,1,1993,1,"2025-08-07 19:56:00",0,NULL,0,0,0,0,Low
T0000919,C19444,9.55,PayPal,Desktop,Canada,Fashion,1,40,0,"2025-05-25 19:56:00",0,NULL,0,0,0,0,Low
T0000920,C25863,43.22,"Credit Card",Desktop,Canada,Fashion,0,201,1,"2025-12-18 19:56:00",0,NULL,0,0,0,0,Low
T0000921,C11572,104.3,PayPal,Mobile,Germany,Fashion,1,1973,0,"2025-12-06 19:56:00",0,NULL,0,0,0,0,Low
T0000922,C05747,38.37,PayPal,Mobile,UK,Gaming,0,1280,0,"2025-05-03 19:56:00",0,NULL,0,0,0,0,Low
T0000923,C04145,497.99,"Google Pay",Desktop,UK,Luxury,1,190,1,"2025-09-17 19:56:00",0,NULL,0,0,0,0,Low
T0000924,C01137,65.08,"Apple Pay",Desktop,UK,Gaming,1,697,1,"2025-05-25 19:56:00",0,NULL,0,0,0,0,Low
T0000925,C05328,95.09,"Debit Card",Mobile,USA,Travel,1,1304,1,"2025-07-31 19:56:00",0,NULL,0,0,0,0,Low
T0000926,C10493,5.52,PayPal,Tablet,Germany,Travel,0,1065,0,"2026-02-10 19:56:00",0,NULL,0,0,0,0,Low
T0000927,C29360,264.35,PayPal,Tablet,Australia,Luxury,0,1115,1,"2025-12-03 19:56:00",0,NULL,0,0,0,0,Low
T0000928,C03681,76.38,"Apple Pay",Mobile,Australia,Gaming,0,1071,0,"2025-08-28 19:56:00",0,NULL,0,0,0,0,Low
T0000929,C27554,218.59,"Credit Card",Desktop,USA,Gaming,1,921,1,"2026-01-08 19:56:00",0,NULL,0,0,0,0,Low
T0000930,C21015,47.74,"Credit Card",Desktop,UK,Gaming,0,886,0,"2026-01-21 19:56:00",0,NULL,0,0,0,0,Low
T0000931,C27835,363.01,"Apple Pay",Tablet,India,Groceries,0,1026,0,"2025-09-14 19:56:00",0,NULL,0,0,0,0,Low
T0000932,C19765,86.31,"Debit Card",Tablet,Canada,Luxury,0,1584,1,"2025-06-25 19:56:00",0,NULL,0,0,0,0,Low
T0000933,C27978,323.16,PayPal,Desktop,Canada,Groceries,1,62,1,"2025-09-24 19:56:00",0,NULL,0,0,0,0,Low
T0000934,C11514,39.19,"Apple Pay",Tablet,USA,Luxury,1,729,1,"2025-11-24 19:56:00",0,NULL,0,0,0,0,Low
T0000935,C13619,40.38,"Apple Pay",Mobile,Australia,Fashion,1,15,1,"2025-09-16 19:56:00",0,NULL,0,0,0,0,Low
T0000936,C27379,56.31,"Google Pay",Mobile,UK,Groceries,0,1109,0,"2025-07-04 19:56:00",0,NULL,0,0,0,0,Low
T0000937,C02167,97.64,PayPal,Mobile,USA,Travel,1,1378,1,"2025-07-02 19:56:00",0,NULL,0,0,0,0,Low
T0000938,C05731,3.07,"Debit Card",Tablet,Germany,Fashion,1,1520,1,"2025-07-20 19:56:00",0,NULL,0,0,0,0,Low
T0000939,C27273,106.68,PayPal,Tablet,India,Gaming,1,1659,1,"2025-10-17 19:56:00",0,NULL,0,0,0,0,Low
T0000940,C09959,6.6,PayPal,Mobile,USA,Luxury,1,490,0,"2025-08-21 19:56:00",0,NULL,0,0,0,0,Low
T0000941,C27337,96.98,"Apple Pay",Mobile,Australia,Luxury,1,1361,1,"2025-06-09 19:56:00",0,NULL,0,0,0,0,Low
T0000942,C21129,304.2,"Credit Card",Mobile,Canada,Gaming,0,1507,1,"2025-12-26 19:56:00",0,NULL,0,0,0,0,Low
T0000943,C24431,184.91,"Apple Pay",Tablet,India,Luxury,1,165,1,"2025-10-27 19:56:00",0,NULL,0,0,0,0,Low
T0000944,C26814,171.54,PayPal,Tablet,Australia,Fashion,1,1544,0,"2026-02-28 19:56:00",0,121.73,0,0,0,0,Low
T0000945,C19060,109.03,PayPal,Desktop,India,Fashion,0,1766,0,"2026-04-01 19:56:00",0,NULL,0,0,0,0,Low
T0000946,C01734,147.77,"Credit Card",Desktop,Australia,Groceries,1,615,1,"2025-12-12 19:56:00",0,NULL,0,0,0,0,Low
T0000947,C09558,27.45,"Credit Card",Tablet,UK,Gaming,0,637,0,"2025-08-02 19:56:00",0,NULL,0,0,0,0,Low
T0000948,C24663,133.05,PayPal,Desktop,Australia,Luxury,1,480,1,"2026-02-04 19:56:00",0,NULL,0,0,0,0,Low
T0000949,C22871,118.12,"Credit Card",Mobile,Germany,Fashion,1,658,1,"2025-05-13 19:56:00",0,NULL,0,0,0,0,Low
T0000950,C16980,219.3,"Debit Card",Desktop,India,Electronics,1,1131,1,"2025-12-07 19:56:00",0,NULL,0,0,0,0,Low
T0000951,C07140,29.13,"Credit Card",Mobile,Germany,Electronics,0,962,0,"2026-02-10 19:56:00",0,NULL,0,0,0,0,Low
T0000952,C26832,25.16,PayPal,Desktop,Canada,Fashion,0,116,0,"2026-02-22 19:56:00",0,NULL,0,0,0,0,Low
T0000953,C26773,194,"Credit Card",Mobile,Australia,Fashion,1,872,1,"2025-09-16 19:56:00",0,NULL,0,0,0,0,Low
T0000954,C04218,177.82,"Debit Card",Tablet,UK,Fashion,0,433,1,"2025-05-10 19:56:00",0,NULL,0,0,0,0,Low
T0000955,C04267,317.65,"Credit Card",Tablet,USA,Travel,1,502,1,"2026-03-21 19:56:00",0,NULL,0,0,0,0,Low
T0000956,C24817,210.44,"Google Pay",Mobile,USA,Gaming,0,236,0,"2025-09-22 19:56:00",0,208.57,0,0,0,0,Low
T0000957,C01943,65.07,PayPal,Desktop,USA,Luxury,0,1483,0,"2025-09-02 19:56:00",0,NULL,0,0,0,0,Low
T0000958,C00337,132.27,"Debit Card",Tablet,UK,Luxury,0,282,0,"2026-03-12 19:56:00",0,NULL,0,0,0,0,Low
T0000959,C11520,127.14,PayPal,Mobile,Australia,Groceries,0,1583,0,"2026-04-16 19:56:00",0,NULL,0,0,0,0,Low
T0000960,C05262,352.86,"Credit Card",Tablet,Germany,Gaming,0,186,0,"2025-08-17 19:56:00",0,NULL,0,0,0,0,Low
T0000961,C25010,39.69,"Debit Card",Tablet,UK,Gaming,0,1321,0,"2026-04-23 19:56:00",0,NULL,0,0,0,0,Low
T0000962,C00142,93.97,PayPal,Tablet,Australia,Luxury,0,1219,0,"2026-03-11 19:56:00",0,NULL,0,0,0,0,Low
T0000963,C19313,39.11,PayPal,Tablet,USA,Travel,1,805,1,"2026-01-26 19:56:00",0,NULL,0,0,0,0,Low
T0000964,C13897,36.3,"Credit Card",Desktop,USA,Travel,0,456,0,"2026-01-11 19:56:00",0,NULL,0,0,0,0,Low
T0000965,C03615,502.74,"Google Pay",Desktop,Canada,Luxury,0,1967,1,"2025-08-07 19:56:00",0,NULL,0,0,0,0,Low
T0000966,C01331,7.66,PayPal,Desktop,USA,Travel,1,1320,1,"2026-03-19 19:56:00",0,NULL,0,0,0,0,Low
T0000967,C19674,19.57,"Apple Pay",Mobile,Germany,Fashion,1,1612,1,"2025-11-22 19:56:00",0,NULL,0,0,0,0,Low
T0000968,C28075,33.99,"Credit Card",Tablet,Canada,Luxury,1,1315,0,"2026-03-26 19:56:00",0,NULL,0,0,0,0,Low
T0000969,C16111,125.13,"Credit Card",Desktop,India,Fashion,0,161,0,"2025-05-21 19:56:00",0,NULL,0,0,0,0,Low
T0000970,C12938,204.06,PayPal,Tablet,UK,Fashion,0,280,0,"2025-10-07 19:56:00",0,NULL,0,0,0,0,Low
T0000971,C11097,74.47,PayPal,Mobile,UK,Luxury,1,1720,1,"2026-01-18 19:56:00",0,NULL,0,0,0,0,Low
T0000972,C25100,61.78,"Apple Pay",Tablet,India,Luxury,1,96,1,"2025-07-07 19:56:00",0,NULL,0,0,0,0,Low
T0000973,C19765,42.61,"Apple Pay",Tablet,Canada,Electronics,1,679,0,"2025-10-05 19:56:00",0,NULL,0,0,0,0,Low
T0000974,C04004,338.05,"Credit Card",Desktop,UK,Electronics,1,637,0,"2025-12-23 19:56:00",0,NULL,0,0,0,0,Low
T0000975,C24177,15.33,"Debit Card",Desktop,Australia,Travel,0,303,0,"2026-04-03 19:56:00",0,NULL,0,0,0,0,Low
T0000976,C19812,137.54,"Google Pay",Mobile,Canada,Travel,1,984,1,"2025-05-18 19:56:00",0,NULL,0,0,0,0,Low
T0000977,C25977,68.27,"Apple Pay",Desktop,Australia,Gaming,0,1934,0,"2025-09-04 19:56:00",0,57.92,0,0,0,0,Low
T0000978,C08575,52.65,"Credit Card",Tablet,Germany,Travel,1,100,1,"2025-07-27 19:56:00",0,NULL,0,0,0,0,Low
T0000979,C28840,321.81,"Apple Pay",Desktop,Canada,Travel,1,1585,1,"2026-03-01 19:56:00",0,NULL,0,0,0,0,Low
T0000980,C01180,61.2,"Debit Card",Tablet,Australia,Travel,0,582,0,"2026-04-14 19:56:00",0,NULL,0,0,0,0,Low
T0000981,C14113,181.69,"Credit Card",Tablet,India,Gaming,1,65,1,"2026-02-21 19:56:00",0,NULL,0,0,0,0,Low
T0000982,C22120,11.6,"Google Pay",Desktop,Germany,Electronics,1,1604,0,"2025-08-22 19:56:00",0,NULL,0,0,0,0,Low
T0000983,C12825,108.42,PayPal,Tablet,India,Groceries,1,39,1,"2025-12-17 19:56:00",0,NULL,0,0,0,0,Low
T0000984,C02013,238.94,"Google Pay",Mobile,Canada,Electronics,0,726,1,"2026-04-16 19:56:00",0,NULL,0,0,0,0,Low
T0000985,C25074,100.71,PayPal,Desktop,USA,Groceries,1,1923,1,"2025-06-14 19:56:00",0,NULL,0,0,0,0,Low
T0000986,C13499,189.34,"Debit Card",Tablet,UK,Luxury,0,1729,0,"2025-11-02 19:56:00",0,NULL,0,0,0,0,Low
T0000987,C10227,51.24,"Credit Card",Tablet,USA,Groceries,0,1621,0,"2025-07-01 19:56:00",0,NULL,0,0,0,0,Low
T0000988,C05564,88.98,"Apple Pay",Mobile,India,Groceries,1,1866,0,"2026-04-20 19:56:00",0,NULL,0,0,0,0,Low
T0000989,C00669,17.8,"Apple Pay",Tablet,USA,Gaming,1,1368,1,"2025-05-09 19:56:00",0,NULL,0,0,0,0,Low
T0000990,C12790,206.24,PayPal,Desktop,USA,Travel,0,538,0,"2025-11-16 19:56:00",0,NULL,0,0,0,0,Low
T0000991,C16475,97.79,"Apple Pay",Mobile,Germany,Fashion,1,505,1,"2025-05-24 19:56:00",0,NULL,0,0,0,0,Low
T0000992,C16285,78.96,PayPal,Tablet,UK,Electronics,0,664,0,"2025-06-09 19:56:00",0,NULL,0,0,0,0,Low
T0000993,C09743,208.22,"Google Pay",Mobile,Germany,Electronics,1,1025,1,"2025-07-11 19:56:00",0,NULL,0,0,0,0,Low
T0000994,C19395,323.57,PayPal,Mobile,Germany,Electronics,1,1850,1,"2025-11-09 19:56:00",0,NULL,0,0,0,0,Low
T0000995,C21350,65.52,"Debit Card",Desktop,Australia,Travel,1,995,1,"2025-11-27 19:56:00",0,NULL,0,0,0,0,Low
T0000996,C13183,62.86,"Credit Card",Tablet,Germany,Luxury,1,155,0,"2025-12-23 19:56:00",0,NULL,0,0,0,0,Low
T0000997,C23047,48.44,"Apple Pay",Tablet,India,Groceries,0,912,0,"2025-08-09 19:56:00",0,NULL,0,0,0,0,Low
T0000998,C20904,64.89,"Google Pay",Tablet,Australia,Fashion,1,760,0,"2025-08-01 19:56:00",0,NULL,0,0,0,0,Low
T0000999,C11937,130.09,"Apple Pay",Mobile,UK,Groceries,0,1645,1,"2025-09-06 19:56:00",0,NULL,0,0,0,0,Low
T0001000,C28187,137.24,"Debit Card",Desktop,Canada,Groceries,0,390,1,"2026-03-29 19:56:00",0,NULL,0,0,0,0,Low
